INSERT INDICEDLLOHUMANO (IDINDICEDLLOHUMANO, GRADO) VALUES (1, 'ALTO');
INSERT INDICEDLLOHUMANO (IDINDICEDLLOHUMANO, GRADO) VALUES (2, 'MEDIO');
INSERT INDICEDLLOHUMANO (IDINDICEDLLOHUMANO, GRADO) VALUES (3, 'BAJO');
INSERT INDICEDLLOHUMANO (IDINDICEDLLOHUMANO, GRADO) VALUES (4, 'N/A');

INSERT DEPARTAMENTO (IDDPTO, CODIGO, NOMBRE, IDINDICEDLLOHUMANO) VALUES (1, '05', 'ANTIOQUIA', 1);
INSERT DEPARTAMENTO (IDDPTO, CODIGO, NOMBRE, IDINDICEDLLOHUMANO) VALUES (2, '08', 'ATLANTICO', 3);
INSERT DEPARTAMENTO (IDDPTO, CODIGO, NOMBRE, IDINDICEDLLOHUMANO) VALUES (3, '11', 'BOGOTA', 1);
INSERT DEPARTAMENTO (IDDPTO, CODIGO, NOMBRE, IDINDICEDLLOHUMANO) VALUES (4, '13', 'BOLIVAR', 3);
INSERT DEPARTAMENTO (IDDPTO, CODIGO, NOMBRE, IDINDICEDLLOHUMANO) VALUES (5, '15', 'BOYACA', 3);
INSERT DEPARTAMENTO (IDDPTO, CODIGO, NOMBRE, IDINDICEDLLOHUMANO) VALUES (6, '17', 'CALDAS', 3);
INSERT DEPARTAMENTO (IDDPTO, CODIGO, NOMBRE, IDINDICEDLLOHUMANO) VALUES (7, '18', 'CAQUETA', 3);
INSERT DEPARTAMENTO (IDDPTO, CODIGO, NOMBRE, IDINDICEDLLOHUMANO) VALUES (8, '19', 'CAUCA', 3);
INSERT DEPARTAMENTO (IDDPTO, CODIGO, NOMBRE, IDINDICEDLLOHUMANO) VALUES (9, '20', 'CESAR', 2);
INSERT DEPARTAMENTO (IDDPTO, CODIGO, NOMBRE, IDINDICEDLLOHUMANO) VALUES (10, '23', 'CORDOBA', 2);
INSERT DEPARTAMENTO (IDDPTO, CODIGO, NOMBRE, IDINDICEDLLOHUMANO) VALUES (11, '25', 'CUNDINAMARCA', 2);
INSERT DEPARTAMENTO (IDDPTO, CODIGO, NOMBRE, IDINDICEDLLOHUMANO) VALUES (12, '27', 'CHOCO', 3);
INSERT DEPARTAMENTO (IDDPTO, CODIGO, NOMBRE, IDINDICEDLLOHUMANO) VALUES (13, '41', 'HUILA', 3);
INSERT DEPARTAMENTO (IDDPTO, CODIGO, NOMBRE, IDINDICEDLLOHUMANO) VALUES (14, '44', 'LA GUAJIRA', 4);
INSERT DEPARTAMENTO (IDDPTO, CODIGO, NOMBRE, IDINDICEDLLOHUMANO) VALUES (15, '47', 'MAGDALENA', 4);
INSERT DEPARTAMENTO (IDDPTO, CODIGO, NOMBRE, IDINDICEDLLOHUMANO) VALUES (16, '50', 'META', 4);
INSERT DEPARTAMENTO (IDDPTO, CODIGO, NOMBRE, IDINDICEDLLOHUMANO) VALUES (17, '52', 'NARIÑO', 4);
INSERT DEPARTAMENTO (IDDPTO, CODIGO, NOMBRE, IDINDICEDLLOHUMANO) VALUES (18, '54', 'N. DE SANTANDER', 4);
INSERT DEPARTAMENTO (IDDPTO, CODIGO, NOMBRE, IDINDICEDLLOHUMANO) VALUES (19, '63', 'QUINDIO', 1);
INSERT DEPARTAMENTO (IDDPTO, CODIGO, NOMBRE, IDINDICEDLLOHUMANO) VALUES (20, '66', 'RISARALDA', 2);
INSERT DEPARTAMENTO (IDDPTO, CODIGO, NOMBRE, IDINDICEDLLOHUMANO) VALUES (21, '68', 'SANTANDER', 2);
INSERT DEPARTAMENTO (IDDPTO, CODIGO, NOMBRE, IDINDICEDLLOHUMANO) VALUES (22, '70', 'SUCRE', 3);
INSERT DEPARTAMENTO (IDDPTO, CODIGO, NOMBRE, IDINDICEDLLOHUMANO) VALUES (23, '73', 'TOLIMA', 1);
INSERT DEPARTAMENTO (IDDPTO, CODIGO, NOMBRE, IDINDICEDLLOHUMANO) VALUES (24, '76', 'VALLE DEL CAUCA', 1);
INSERT DEPARTAMENTO (IDDPTO, CODIGO, NOMBRE, IDINDICEDLLOHUMANO) VALUES (25, '81', 'ARAUCA', 1);
INSERT DEPARTAMENTO (IDDPTO, CODIGO, NOMBRE, IDINDICEDLLOHUMANO) VALUES (26, '85', 'CASANARE', 2);
INSERT DEPARTAMENTO (IDDPTO, CODIGO, NOMBRE, IDINDICEDLLOHUMANO) VALUES (27, '86', 'PUTUMAYO', 2);
INSERT DEPARTAMENTO (IDDPTO, CODIGO, NOMBRE, IDINDICEDLLOHUMANO) VALUES (28, '88', 'SAN ANDRES', 4);
INSERT DEPARTAMENTO (IDDPTO, CODIGO, NOMBRE, IDINDICEDLLOHUMANO) VALUES (29, '91', 'AMAZONAS', 3);
INSERT DEPARTAMENTO (IDDPTO, CODIGO, NOMBRE, IDINDICEDLLOHUMANO) VALUES (30, '94', 'GUAINIA', 4);
INSERT DEPARTAMENTO (IDDPTO, CODIGO, NOMBRE, IDINDICEDLLOHUMANO) VALUES (31, '95', 'GUAVIARE', 4);
INSERT DEPARTAMENTO (IDDPTO, CODIGO, NOMBRE, IDINDICEDLLOHUMANO) VALUES (32, '97', 'VAUPES', 4);
INSERT DEPARTAMENTO (IDDPTO, CODIGO, NOMBRE, IDINDICEDLLOHUMANO) VALUES (33, '99', 'VICHADA', 4);

INSERT INTO CIUDAD (IDCIUDAD, IDDEPARTAMENTO, CODIGO, NOMBRE, IDINDICEDLLOHUMANO) VALUES (1, 1, '001', 'MEDELLIN', 1);
INSERT INTO CIUDAD (IDCIUDAD, IDDEPARTAMENTO, CODIGO, NOMBRE, IDINDICEDLLOHUMANO) VALUES (2, 1, '002', 'ABEJORRAL', 1);
INSERT INTO CIUDAD (IDCIUDAD, IDDEPARTAMENTO, CODIGO, NOMBRE, IDINDICEDLLOHUMANO) VALUES (3, 1, '004', 'ABRIAQUI', 1);
INSERT INTO CIUDAD (IDCIUDAD, IDDEPARTAMENTO, CODIGO, NOMBRE, IDINDICEDLLOHUMANO) VALUES (4, 1, '021', 'ALEJANDRIA', 1);
INSERT INTO CIUDAD (IDCIUDAD, IDDEPARTAMENTO, CODIGO, NOMBRE, IDINDICEDLLOHUMANO) VALUES (5, 1, '030', 'AMAGA', 1);
INSERT INTO CIUDAD (IDCIUDAD, IDDEPARTAMENTO, CODIGO, NOMBRE, IDINDICEDLLOHUMANO) VALUES (6, 1, '031', 'AMALFI', 1);
INSERT INTO CIUDAD (IDCIUDAD, IDDEPARTAMENTO, CODIGO, NOMBRE, IDINDICEDLLOHUMANO) VALUES (7, 1, '034', 'ANDES', 1);
INSERT INTO CIUDAD (IDCIUDAD, IDDEPARTAMENTO, CODIGO, NOMBRE, IDINDICEDLLOHUMANO) VALUES (8, 1, '036', 'ANGELOPOLIS', 1);
INSERT INTO CIUDAD (IDCIUDAD, IDDEPARTAMENTO, CODIGO, NOMBRE, IDINDICEDLLOHUMANO) VALUES (9, 1, '038', 'ANGOSTURA', 1);
INSERT INTO CIUDAD (IDCIUDAD, IDDEPARTAMENTO, CODIGO, NOMBRE, IDINDICEDLLOHUMANO) VALUES (10, 1, '040', 'ANORI', 1);
INSERT INTO CIUDAD (IDCIUDAD, IDDEPARTAMENTO, CODIGO, NOMBRE, IDINDICEDLLOHUMANO) VALUES (11, 1, '042', 'SANTAFE DE ANTIOQUIA', 1);
INSERT INTO CIUDAD (IDCIUDAD, IDDEPARTAMENTO, CODIGO, NOMBRE, IDINDICEDLLOHUMANO) VALUES (12, 1, '044', 'ANZA', 1);
INSERT INTO CIUDAD (IDCIUDAD, IDDEPARTAMENTO, CODIGO, NOMBRE, IDINDICEDLLOHUMANO) VALUES (13, 1, '045', 'APARTADO', 1);
INSERT INTO CIUDAD (IDCIUDAD, IDDEPARTAMENTO, CODIGO, NOMBRE, IDINDICEDLLOHUMANO) VALUES (14, 1, '051', 'ARBOLETES', 1);
INSERT INTO CIUDAD (IDCIUDAD, IDDEPARTAMENTO, CODIGO, NOMBRE, IDINDICEDLLOHUMANO) VALUES (15, 1, '055', 'ARGELIA', 1);
INSERT INTO CIUDAD (IDCIUDAD, IDDEPARTAMENTO, CODIGO, NOMBRE, IDINDICEDLLOHUMANO) VALUES (16, 1, '059', 'ARMENIA', 1);
INSERT INTO CIUDAD (IDCIUDAD, IDDEPARTAMENTO, CODIGO, NOMBRE, IDINDICEDLLOHUMANO) VALUES (17, 1, '079', 'BARBOSA', 1);
INSERT INTO CIUDAD (IDCIUDAD, IDDEPARTAMENTO, CODIGO, NOMBRE, IDINDICEDLLOHUMANO) VALUES (18, 1, '086', 'BELMIRA', 1);
INSERT INTO CIUDAD (IDCIUDAD, IDDEPARTAMENTO, CODIGO, NOMBRE, IDINDICEDLLOHUMANO) VALUES (19, 1, '088', 'BELLO', 1);
INSERT INTO CIUDAD (IDCIUDAD, IDDEPARTAMENTO, CODIGO, NOMBRE, IDINDICEDLLOHUMANO) VALUES (20, 1, '091', 'BETANIA', 1);
INSERT INTO CIUDAD (IDCIUDAD, IDDEPARTAMENTO, CODIGO, NOMBRE, IDINDICEDLLOHUMANO) VALUES (21, 1, '093', 'BETULIA', 1);
INSERT INTO CIUDAD (IDCIUDAD, IDDEPARTAMENTO, CODIGO, NOMBRE, IDINDICEDLLOHUMANO) VALUES (22, 1, '101', 'CIUDAD BOLIVAR', 1);
INSERT INTO CIUDAD (IDCIUDAD, IDDEPARTAMENTO, CODIGO, NOMBRE, IDINDICEDLLOHUMANO) VALUES (23, 1, '107', 'BRICEÑO', 1);
INSERT INTO CIUDAD (IDCIUDAD, IDDEPARTAMENTO, CODIGO, NOMBRE, IDINDICEDLLOHUMANO) VALUES (24, 1, '113', 'BURITICA', 1);
INSERT INTO CIUDAD (IDCIUDAD, IDDEPARTAMENTO, CODIGO, NOMBRE, IDINDICEDLLOHUMANO) VALUES (25, 1, '120', 'CACERES', 1);
INSERT INTO CIUDAD (IDCIUDAD, IDDEPARTAMENTO, CODIGO, NOMBRE, IDINDICEDLLOHUMANO) VALUES (26, 1, '125', 'CAICEDO', 1);
INSERT INTO CIUDAD (IDCIUDAD, IDDEPARTAMENTO, CODIGO, NOMBRE, IDINDICEDLLOHUMANO) VALUES (27, 1, '129', 'CALDAS', 1);
INSERT INTO CIUDAD (IDCIUDAD, IDDEPARTAMENTO, CODIGO, NOMBRE, IDINDICEDLLOHUMANO) VALUES (28, 1, '134', 'CAMPAMENTO', 1);
INSERT INTO CIUDAD (IDCIUDAD, IDDEPARTAMENTO, CODIGO, NOMBRE, IDINDICEDLLOHUMANO) VALUES (29, 1, '138', 'CAÑASGORDAS', 1);
INSERT INTO CIUDAD (IDCIUDAD, IDDEPARTAMENTO, CODIGO, NOMBRE, IDINDICEDLLOHUMANO) VALUES (30, 1, '142', 'CARACOLI', 1);
INSERT INTO CIUDAD (IDCIUDAD, IDDEPARTAMENTO, CODIGO, NOMBRE, IDINDICEDLLOHUMANO) VALUES (31, 1, '145', 'CARAMANTA', 1);
INSERT INTO CIUDAD (IDCIUDAD, IDDEPARTAMENTO, CODIGO, NOMBRE, IDINDICEDLLOHUMANO) VALUES (32, 1, '147', 'CAREPA', 1);
INSERT INTO CIUDAD (IDCIUDAD, IDDEPARTAMENTO, CODIGO, NOMBRE, IDINDICEDLLOHUMANO) VALUES (33, 1, '148', 'EL CARMEN DE VIBORAL', 1);
INSERT INTO CIUDAD (IDCIUDAD, IDDEPARTAMENTO, CODIGO, NOMBRE, IDINDICEDLLOHUMANO) VALUES (34, 1, '150', 'CAROLINA', 1);
INSERT INTO CIUDAD (IDCIUDAD, IDDEPARTAMENTO, CODIGO, NOMBRE, IDINDICEDLLOHUMANO) VALUES (35, 1, '154', 'CAUCASIA', 1);
INSERT INTO CIUDAD (IDCIUDAD, IDDEPARTAMENTO, CODIGO, NOMBRE, IDINDICEDLLOHUMANO) VALUES (36, 1, '172', 'CHIGORODO', 1);
INSERT INTO CIUDAD (IDCIUDAD, IDDEPARTAMENTO, CODIGO, NOMBRE, IDINDICEDLLOHUMANO) VALUES (37, 1, '190', 'CISNEROS', 1);
INSERT INTO CIUDAD (IDCIUDAD, IDDEPARTAMENTO, CODIGO, NOMBRE, IDINDICEDLLOHUMANO) VALUES (38, 1, '197', 'COCORNA', 1);
INSERT INTO CIUDAD (IDCIUDAD, IDDEPARTAMENTO, CODIGO, NOMBRE, IDINDICEDLLOHUMANO) VALUES (39, 1, '206', 'CONCEPCION', 1);
INSERT INTO CIUDAD (IDCIUDAD, IDDEPARTAMENTO, CODIGO, NOMBRE, IDINDICEDLLOHUMANO) VALUES (40, 1, '209', 'CONCORDIA', 1);
INSERT INTO CIUDAD (IDCIUDAD, IDDEPARTAMENTO, CODIGO, NOMBRE, IDINDICEDLLOHUMANO) VALUES (41, 1, '212', 'COPACABANA', 1);
INSERT INTO CIUDAD (IDCIUDAD, IDDEPARTAMENTO, CODIGO, NOMBRE, IDINDICEDLLOHUMANO) VALUES (42, 1, '234', 'DABEIBA', 1);
INSERT INTO CIUDAD (IDCIUDAD, IDDEPARTAMENTO, CODIGO, NOMBRE, IDINDICEDLLOHUMANO) VALUES (43, 1, '237', 'DON MATIAS', 1);
INSERT INTO CIUDAD (IDCIUDAD, IDDEPARTAMENTO, CODIGO, NOMBRE, IDINDICEDLLOHUMANO) VALUES (44, 1, '240', 'EBEJICO', 1);
INSERT INTO CIUDAD (IDCIUDAD, IDDEPARTAMENTO, CODIGO, NOMBRE, IDINDICEDLLOHUMANO) VALUES (45, 1, '250', 'EL BAGRE', 1);
INSERT INTO CIUDAD (IDCIUDAD, IDDEPARTAMENTO, CODIGO, NOMBRE, IDINDICEDLLOHUMANO) VALUES (46, 1, '264', 'ENTRERRIOS', 1);
INSERT INTO CIUDAD (IDCIUDAD, IDDEPARTAMENTO, CODIGO, NOMBRE, IDINDICEDLLOHUMANO) VALUES (47, 1, '266', 'ENVIGADO', 1);
INSERT INTO CIUDAD (IDCIUDAD, IDDEPARTAMENTO, CODIGO, NOMBRE, IDINDICEDLLOHUMANO) VALUES (48, 1, '282', 'FREDONIA', 1);
INSERT INTO CIUDAD (IDCIUDAD, IDDEPARTAMENTO, CODIGO, NOMBRE, IDINDICEDLLOHUMANO) VALUES (49, 1, '284', 'FRONTINO', 1);
INSERT INTO CIUDAD (IDCIUDAD, IDDEPARTAMENTO, CODIGO, NOMBRE, IDINDICEDLLOHUMANO) VALUES (50, 1, '306', 'GIRALDO', 1);
INSERT INTO CIUDAD (IDCIUDAD, IDDEPARTAMENTO, CODIGO, NOMBRE, IDINDICEDLLOHUMANO) VALUES (51, 1, '308', 'GIRARDOTA', 1);
INSERT INTO CIUDAD (IDCIUDAD, IDDEPARTAMENTO, CODIGO, NOMBRE, IDINDICEDLLOHUMANO) VALUES (52, 1, '310', 'GOMEZ PLATA', 1);
INSERT INTO CIUDAD (IDCIUDAD, IDDEPARTAMENTO, CODIGO, NOMBRE, IDINDICEDLLOHUMANO) VALUES (53, 1, '313', 'GRANADA', 1);
INSERT INTO CIUDAD (IDCIUDAD, IDDEPARTAMENTO, CODIGO, NOMBRE, IDINDICEDLLOHUMANO) VALUES (54, 1, '315', 'GUADALUPE', 1);
INSERT INTO CIUDAD (IDCIUDAD, IDDEPARTAMENTO, CODIGO, NOMBRE, IDINDICEDLLOHUMANO) VALUES (55, 1, '318', 'GUARNE', 1);
INSERT INTO CIUDAD (IDCIUDAD, IDDEPARTAMENTO, CODIGO, NOMBRE, IDINDICEDLLOHUMANO) VALUES (56, 1, '321', 'GUATAPE', 1);
INSERT INTO CIUDAD (IDCIUDAD, IDDEPARTAMENTO, CODIGO, NOMBRE, IDINDICEDLLOHUMANO) VALUES (57, 1, '347', 'HELICONIA', 1);
INSERT INTO CIUDAD (IDCIUDAD, IDDEPARTAMENTO, CODIGO, NOMBRE, IDINDICEDLLOHUMANO) VALUES (58, 1, '353', 'HISPANIA', 1);
INSERT INTO CIUDAD (IDCIUDAD, IDDEPARTAMENTO, CODIGO, NOMBRE, IDINDICEDLLOHUMANO) VALUES (59, 1, '360', 'ITAGUI', 1);
INSERT INTO CIUDAD (IDCIUDAD, IDDEPARTAMENTO, CODIGO, NOMBRE, IDINDICEDLLOHUMANO) VALUES (60, 1, '361', 'ITUANGO', 1);
INSERT INTO CIUDAD (IDCIUDAD, IDDEPARTAMENTO, CODIGO, NOMBRE, IDINDICEDLLOHUMANO) VALUES (61, 1, '364', 'JARDIN', 1);
INSERT INTO CIUDAD (IDCIUDAD, IDDEPARTAMENTO, CODIGO, NOMBRE, IDINDICEDLLOHUMANO) VALUES (62, 1, '368', 'JERICO', 1);
INSERT INTO CIUDAD (IDCIUDAD, IDDEPARTAMENTO, CODIGO, NOMBRE, IDINDICEDLLOHUMANO) VALUES (63, 1, '376', 'LA CEJA', 1);
INSERT INTO CIUDAD (IDCIUDAD, IDDEPARTAMENTO, CODIGO, NOMBRE, IDINDICEDLLOHUMANO) VALUES (64, 1, '380', 'LA ESTRELLA', 1);
INSERT INTO CIUDAD (IDCIUDAD, IDDEPARTAMENTO, CODIGO, NOMBRE, IDINDICEDLLOHUMANO) VALUES (65, 1, '390', 'LA PINTADA', 1);
INSERT INTO CIUDAD (IDCIUDAD, IDDEPARTAMENTO, CODIGO, NOMBRE, IDINDICEDLLOHUMANO) VALUES (66, 1, '400', 'LA UNION', 1);
INSERT INTO CIUDAD (IDCIUDAD, IDDEPARTAMENTO, CODIGO, NOMBRE, IDINDICEDLLOHUMANO) VALUES (67, 1, '411', 'LIBORINA', 1);
INSERT INTO CIUDAD (IDCIUDAD, IDDEPARTAMENTO, CODIGO, NOMBRE, IDINDICEDLLOHUMANO) VALUES (68, 1, '425', 'MACEO', 1);
INSERT INTO CIUDAD (IDCIUDAD, IDDEPARTAMENTO, CODIGO, NOMBRE, IDINDICEDLLOHUMANO) VALUES (69, 1, '440', 'MARINILLA', 1);
INSERT INTO CIUDAD (IDCIUDAD, IDDEPARTAMENTO, CODIGO, NOMBRE, IDINDICEDLLOHUMANO) VALUES (70, 1, '467', 'MONTEBELLO', 1);
INSERT INTO CIUDAD (IDCIUDAD, IDDEPARTAMENTO, CODIGO, NOMBRE, IDINDICEDLLOHUMANO) VALUES (71, 1, '475', 'MURINDO', 2);
INSERT INTO CIUDAD (IDCIUDAD, IDDEPARTAMENTO, CODIGO, NOMBRE, IDINDICEDLLOHUMANO) VALUES (72, 1, '480', 'MUTATA', 2);
INSERT INTO CIUDAD (IDCIUDAD, IDDEPARTAMENTO, CODIGO, NOMBRE, IDINDICEDLLOHUMANO) VALUES (73, 1, '483', 'NARIÑO', 2);
INSERT INTO CIUDAD (IDCIUDAD, IDDEPARTAMENTO, CODIGO, NOMBRE, IDINDICEDLLOHUMANO) VALUES (74, 1, '490', 'NECOCLI', 2);
INSERT INTO CIUDAD (IDCIUDAD, IDDEPARTAMENTO, CODIGO, NOMBRE, IDINDICEDLLOHUMANO) VALUES (75, 1, '495', 'NECHI', 2);
INSERT INTO CIUDAD (IDCIUDAD, IDDEPARTAMENTO, CODIGO, NOMBRE, IDINDICEDLLOHUMANO) VALUES (76, 1, '501', 'OLAYA', 2);
INSERT INTO CIUDAD (IDCIUDAD, IDDEPARTAMENTO, CODIGO, NOMBRE, IDINDICEDLLOHUMANO) VALUES (77, 1, '541', 'PEÐOL', 2);
INSERT INTO CIUDAD (IDCIUDAD, IDDEPARTAMENTO, CODIGO, NOMBRE, IDINDICEDLLOHUMANO) VALUES (78, 1, '543', 'PEQUE', 2);
INSERT INTO CIUDAD (IDCIUDAD, IDDEPARTAMENTO, CODIGO, NOMBRE, IDINDICEDLLOHUMANO) VALUES (79, 1, '576', 'PUEBLORRICO', 2);
INSERT INTO CIUDAD (IDCIUDAD, IDDEPARTAMENTO, CODIGO, NOMBRE, IDINDICEDLLOHUMANO) VALUES (80, 1, '579', 'PUERTO BERRIO', 2);
INSERT INTO CIUDAD (IDCIUDAD, IDDEPARTAMENTO, CODIGO, NOMBRE, IDINDICEDLLOHUMANO) VALUES (81, 1, '585', 'PUERTO NARE', 2);
INSERT INTO CIUDAD (IDCIUDAD, IDDEPARTAMENTO, CODIGO, NOMBRE, IDINDICEDLLOHUMANO) VALUES (82, 1, '591', 'PUERTO TRIUNFO', 2);
INSERT INTO CIUDAD (IDCIUDAD, IDDEPARTAMENTO, CODIGO, NOMBRE, IDINDICEDLLOHUMANO) VALUES (83, 1, '604', 'REMEDIOS', 2);
INSERT INTO CIUDAD (IDCIUDAD, IDDEPARTAMENTO, CODIGO, NOMBRE, IDINDICEDLLOHUMANO) VALUES (84, 1, '607', 'RETIRO', 2);
INSERT INTO CIUDAD (IDCIUDAD, IDDEPARTAMENTO, CODIGO, NOMBRE, IDINDICEDLLOHUMANO) VALUES (85, 1, '615', 'RIONEGRO', 2);
INSERT INTO CIUDAD (IDCIUDAD, IDDEPARTAMENTO, CODIGO, NOMBRE, IDINDICEDLLOHUMANO) VALUES (86, 1, '628', 'SABANALARGA', 2);
INSERT INTO CIUDAD (IDCIUDAD, IDDEPARTAMENTO, CODIGO, NOMBRE, IDINDICEDLLOHUMANO) VALUES (87, 1, '631', 'SABANETA', 2);
INSERT INTO CIUDAD (IDCIUDAD, IDDEPARTAMENTO, CODIGO, NOMBRE, IDINDICEDLLOHUMANO) VALUES (88, 1, '642', 'SALGAR', 2);
INSERT INTO CIUDAD (IDCIUDAD, IDDEPARTAMENTO, CODIGO, NOMBRE, IDINDICEDLLOHUMANO) VALUES (89, 1, '647', 'SAN ANDRES DE CUERQUIA', 2);
INSERT INTO CIUDAD (IDCIUDAD, IDDEPARTAMENTO, CODIGO, NOMBRE, IDINDICEDLLOHUMANO) VALUES (90, 1, '649', 'SAN CARLOS', 2);
INSERT INTO CIUDAD (IDCIUDAD, IDDEPARTAMENTO, CODIGO, NOMBRE, IDINDICEDLLOHUMANO) VALUES (91, 1, '652', 'SAN FRANCISCO', 2);
INSERT INTO CIUDAD (IDCIUDAD, IDDEPARTAMENTO, CODIGO, NOMBRE, IDINDICEDLLOHUMANO) VALUES (92, 1, '656', 'SAN JERONIMO', 2);
INSERT INTO CIUDAD (IDCIUDAD, IDDEPARTAMENTO, CODIGO, NOMBRE, IDINDICEDLLOHUMANO) VALUES (93, 1, '658', 'SAN JOSE DE LA MONTAÑA', 2);
INSERT INTO CIUDAD (IDCIUDAD, IDDEPARTAMENTO, CODIGO, NOMBRE, IDINDICEDLLOHUMANO) VALUES (94, 1, '659', 'SAN JUAN DE URABA', 2);
INSERT INTO CIUDAD (IDCIUDAD, IDDEPARTAMENTO, CODIGO, NOMBRE, IDINDICEDLLOHUMANO) VALUES (95, 1, '660', 'SAN LUIS', 2);
INSERT INTO CIUDAD (IDCIUDAD, IDDEPARTAMENTO, CODIGO, NOMBRE, IDINDICEDLLOHUMANO) VALUES (96, 1, '664', 'SAN PEDRO', 2);
INSERT INTO CIUDAD (IDCIUDAD, IDDEPARTAMENTO, CODIGO, NOMBRE, IDINDICEDLLOHUMANO) VALUES (97, 1, '665', 'SAN PEDRO DE URABA', 2);
INSERT INTO CIUDAD (IDCIUDAD, IDDEPARTAMENTO, CODIGO, NOMBRE, IDINDICEDLLOHUMANO) VALUES (98, 1, '667', 'SAN RAFAEL', 2);
INSERT INTO CIUDAD (IDCIUDAD, IDDEPARTAMENTO, CODIGO, NOMBRE, IDINDICEDLLOHUMANO) VALUES (99, 1, '670', 'SAN ROQUE', 2);
INSERT INTO CIUDAD (IDCIUDAD, IDDEPARTAMENTO, CODIGO, NOMBRE, IDINDICEDLLOHUMANO) VALUES (100, 1, '674', 'SAN VICENTE', 2);
INSERT INTO CIUDAD (IDCIUDAD, IDDEPARTAMENTO, CODIGO, NOMBRE, IDINDICEDLLOHUMANO) VALUES (101, 1, '679', 'SANTA BARBARA', 2);
INSERT INTO CIUDAD (IDCIUDAD, IDDEPARTAMENTO, CODIGO, NOMBRE, IDINDICEDLLOHUMANO) VALUES (102, 1, '686', 'SANTA ROSA DE OSOS', 2);
INSERT INTO CIUDAD (IDCIUDAD, IDDEPARTAMENTO, CODIGO, NOMBRE, IDINDICEDLLOHUMANO) VALUES (103, 1, '690', 'SANTO DOMINGO', 2);
INSERT INTO CIUDAD (IDCIUDAD, IDDEPARTAMENTO, CODIGO, NOMBRE, IDINDICEDLLOHUMANO) VALUES (104, 1, '697', 'EL SANTUARIO', 2);
INSERT INTO CIUDAD (IDCIUDAD, IDDEPARTAMENTO, CODIGO, NOMBRE, IDINDICEDLLOHUMANO) VALUES (105, 1, '736', 'SEGOVIA', 2);
INSERT INTO CIUDAD (IDCIUDAD, IDDEPARTAMENTO, CODIGO, NOMBRE, IDINDICEDLLOHUMANO) VALUES (106, 1, '756', 'SONSON', 2);
INSERT INTO CIUDAD (IDCIUDAD, IDDEPARTAMENTO, CODIGO, NOMBRE, IDINDICEDLLOHUMANO) VALUES (107, 1, '761', 'SOPETRAN', 2);
INSERT INTO CIUDAD (IDCIUDAD, IDDEPARTAMENTO, CODIGO, NOMBRE, IDINDICEDLLOHUMANO) VALUES (108, 1, '789', 'TAMESIS', 2);
INSERT INTO CIUDAD (IDCIUDAD, IDDEPARTAMENTO, CODIGO, NOMBRE, IDINDICEDLLOHUMANO) VALUES (109, 1, '790', 'TARAZA', 2);
INSERT INTO CIUDAD (IDCIUDAD, IDDEPARTAMENTO, CODIGO, NOMBRE, IDINDICEDLLOHUMANO) VALUES (110, 1, '792', 'TARSO', 2);
INSERT INTO CIUDAD (IDCIUDAD, IDDEPARTAMENTO, CODIGO, NOMBRE, IDINDICEDLLOHUMANO) VALUES (111, 1, '809', 'TITIRIBI', 2);
INSERT INTO CIUDAD (IDCIUDAD, IDDEPARTAMENTO, CODIGO, NOMBRE, IDINDICEDLLOHUMANO) VALUES (112, 1, '819', 'TOLEDO', 2);
INSERT INTO CIUDAD (IDCIUDAD, IDDEPARTAMENTO, CODIGO, NOMBRE, IDINDICEDLLOHUMANO) VALUES (113, 1, '837', 'TURBO', 2);
INSERT INTO CIUDAD (IDCIUDAD, IDDEPARTAMENTO, CODIGO, NOMBRE, IDINDICEDLLOHUMANO) VALUES (114, 1, '842', 'URAMITA', 2);
INSERT INTO CIUDAD (IDCIUDAD, IDDEPARTAMENTO, CODIGO, NOMBRE, IDINDICEDLLOHUMANO) VALUES (115, 1, '847', 'URRAO', 2);
INSERT INTO CIUDAD (IDCIUDAD, IDDEPARTAMENTO, CODIGO, NOMBRE, IDINDICEDLLOHUMANO) VALUES (116, 1, '854', 'VALDIVIA', 2);
INSERT INTO CIUDAD (IDCIUDAD, IDDEPARTAMENTO, CODIGO, NOMBRE, IDINDICEDLLOHUMANO) VALUES (117, 1, '856', 'VALPARAISO', 2);
INSERT INTO CIUDAD (IDCIUDAD, IDDEPARTAMENTO, CODIGO, NOMBRE, IDINDICEDLLOHUMANO) VALUES (118, 1, '858', 'VEGACHI', 2);
INSERT INTO CIUDAD (IDCIUDAD, IDDEPARTAMENTO, CODIGO, NOMBRE, IDINDICEDLLOHUMANO) VALUES (119, 1, '861', 'VENECIA', 2);
INSERT INTO CIUDAD (IDCIUDAD, IDDEPARTAMENTO, CODIGO, NOMBRE, IDINDICEDLLOHUMANO) VALUES (120, 1, '873', 'VIGIA DEL FUERTE', 2);
INSERT INTO CIUDAD (IDCIUDAD, IDDEPARTAMENTO, CODIGO, NOMBRE, IDINDICEDLLOHUMANO) VALUES (121, 1, '885', 'YALI', 2);
INSERT INTO CIUDAD (IDCIUDAD, IDDEPARTAMENTO, CODIGO, NOMBRE, IDINDICEDLLOHUMANO) VALUES (122, 1, '887', 'YARUMAL', 2);
INSERT INTO CIUDAD (IDCIUDAD, IDDEPARTAMENTO, CODIGO, NOMBRE, IDINDICEDLLOHUMANO) VALUES (123, 1, '890', 'YOLOMBO', 2);
INSERT INTO CIUDAD (IDCIUDAD, IDDEPARTAMENTO, CODIGO, NOMBRE, IDINDICEDLLOHUMANO) VALUES (124, 1, '893', 'YONDO', 2);
INSERT INTO CIUDAD (IDCIUDAD, IDDEPARTAMENTO, CODIGO, NOMBRE, IDINDICEDLLOHUMANO) VALUES (125, 1, '895', 'ZARAGOZA', 2);
INSERT INTO CIUDAD (IDCIUDAD, IDDEPARTAMENTO, CODIGO, NOMBRE, IDINDICEDLLOHUMANO) VALUES (126, 2, '001', 'BARRANQUILLA', 2);
INSERT INTO CIUDAD (IDCIUDAD, IDDEPARTAMENTO, CODIGO, NOMBRE, IDINDICEDLLOHUMANO) VALUES (127, 2, '078', 'BARANOA', 2);
INSERT INTO CIUDAD (IDCIUDAD, IDDEPARTAMENTO, CODIGO, NOMBRE, IDINDICEDLLOHUMANO) VALUES (128, 2, '137', 'CAMPO DE LA CRUZ', 2);
INSERT INTO CIUDAD (IDCIUDAD, IDDEPARTAMENTO, CODIGO, NOMBRE, IDINDICEDLLOHUMANO) VALUES (129, 2, '141', 'CANDELARIA', 2);
INSERT INTO CIUDAD (IDCIUDAD, IDDEPARTAMENTO, CODIGO, NOMBRE, IDINDICEDLLOHUMANO) VALUES (130, 2, '296', 'GALAPA', 2);
INSERT INTO CIUDAD (IDCIUDAD, IDDEPARTAMENTO, CODIGO, NOMBRE, IDINDICEDLLOHUMANO) VALUES (131, 2, '372', 'JUAN DE ACOSTA', 2);
INSERT INTO CIUDAD (IDCIUDAD, IDDEPARTAMENTO, CODIGO, NOMBRE, IDINDICEDLLOHUMANO) VALUES (132, 2, '421', 'LURUACO', 2);
INSERT INTO CIUDAD (IDCIUDAD, IDDEPARTAMENTO, CODIGO, NOMBRE, IDINDICEDLLOHUMANO) VALUES (133, 2, '433', 'MALAMBO', 2);
INSERT INTO CIUDAD (IDCIUDAD, IDDEPARTAMENTO, CODIGO, NOMBRE, IDINDICEDLLOHUMANO) VALUES (134, 2, '436', 'MANATI', 2);
INSERT INTO CIUDAD (IDCIUDAD, IDDEPARTAMENTO, CODIGO, NOMBRE, IDINDICEDLLOHUMANO) VALUES (135, 2, '520', 'PALMAR DE VARELA', 2);
INSERT INTO CIUDAD (IDCIUDAD, IDDEPARTAMENTO, CODIGO, NOMBRE, IDINDICEDLLOHUMANO) VALUES (136, 2, '549', 'PIOJO', 2);
INSERT INTO CIUDAD (IDCIUDAD, IDDEPARTAMENTO, CODIGO, NOMBRE, IDINDICEDLLOHUMANO) VALUES (137, 2, '558', 'POLONUEVO', 2);
INSERT INTO CIUDAD (IDCIUDAD, IDDEPARTAMENTO, CODIGO, NOMBRE, IDINDICEDLLOHUMANO) VALUES (138, 2, '560', 'PONEDERA', 2);
INSERT INTO CIUDAD (IDCIUDAD, IDDEPARTAMENTO, CODIGO, NOMBRE, IDINDICEDLLOHUMANO) VALUES (139, 2, '573', 'PUERTO COLOMBIA', 2);
INSERT INTO CIUDAD (IDCIUDAD, IDDEPARTAMENTO, CODIGO, NOMBRE, IDINDICEDLLOHUMANO) VALUES (140, 2, '606', 'REPELON', 2);
INSERT INTO CIUDAD (IDCIUDAD, IDDEPARTAMENTO, CODIGO, NOMBRE, IDINDICEDLLOHUMANO) VALUES (141, 2, '634', 'SABANAGRANDE', 2);
INSERT INTO CIUDAD (IDCIUDAD, IDDEPARTAMENTO, CODIGO, NOMBRE, IDINDICEDLLOHUMANO) VALUES (142, 2, '638', 'SABANALARGA', 2);
INSERT INTO CIUDAD (IDCIUDAD, IDDEPARTAMENTO, CODIGO, NOMBRE, IDINDICEDLLOHUMANO) VALUES (143, 2, '675', 'SANTA LUCIA', 2);
INSERT INTO CIUDAD (IDCIUDAD, IDDEPARTAMENTO, CODIGO, NOMBRE, IDINDICEDLLOHUMANO) VALUES (144, 2, '685', 'SANTO TOMAS', 2);
INSERT INTO CIUDAD (IDCIUDAD, IDDEPARTAMENTO, CODIGO, NOMBRE, IDINDICEDLLOHUMANO) VALUES (145, 2, '758', 'SOLEDAD', 2);
INSERT INTO CIUDAD (IDCIUDAD, IDDEPARTAMENTO, CODIGO, NOMBRE, IDINDICEDLLOHUMANO) VALUES (146, 2, '770', 'SUAN', 2);
INSERT INTO CIUDAD (IDCIUDAD, IDDEPARTAMENTO, CODIGO, NOMBRE, IDINDICEDLLOHUMANO) VALUES (147, 2, '832', 'TUBARA', 2);
INSERT INTO CIUDAD (IDCIUDAD, IDDEPARTAMENTO, CODIGO, NOMBRE, IDINDICEDLLOHUMANO) VALUES (148, 2, '849', 'USIACURI', 2);
INSERT INTO CIUDAD (IDCIUDAD, IDDEPARTAMENTO, CODIGO, NOMBRE, IDINDICEDLLOHUMANO) VALUES (149, 3, '001', 'BOGOTA, D.C.', 2);
INSERT INTO CIUDAD (IDCIUDAD, IDDEPARTAMENTO, CODIGO, NOMBRE, IDINDICEDLLOHUMANO) VALUES (150, 4, '001', 'CARTAGENA', 2);
INSERT INTO CIUDAD (IDCIUDAD, IDDEPARTAMENTO, CODIGO, NOMBRE, IDINDICEDLLOHUMANO) VALUES (151, 4, '006', 'ACHI', 2);
INSERT INTO CIUDAD (IDCIUDAD, IDDEPARTAMENTO, CODIGO, NOMBRE, IDINDICEDLLOHUMANO) VALUES (152, 4, '030', 'ALTOS DEL ROSARIO', 2);
INSERT INTO CIUDAD (IDCIUDAD, IDDEPARTAMENTO, CODIGO, NOMBRE, IDINDICEDLLOHUMANO) VALUES (153, 4, '042', 'ARENAL', 2);
INSERT INTO CIUDAD (IDCIUDAD, IDDEPARTAMENTO, CODIGO, NOMBRE, IDINDICEDLLOHUMANO) VALUES (154, 4, '052', 'ARJONA', 2);
INSERT INTO CIUDAD (IDCIUDAD, IDDEPARTAMENTO, CODIGO, NOMBRE, IDINDICEDLLOHUMANO) VALUES (155, 4, '062', 'ARROYOHONDO', 2);
INSERT INTO CIUDAD (IDCIUDAD, IDDEPARTAMENTO, CODIGO, NOMBRE, IDINDICEDLLOHUMANO) VALUES (156, 4, '074', 'BARRANCO DE LOBA', 2);
INSERT INTO CIUDAD (IDCIUDAD, IDDEPARTAMENTO, CODIGO, NOMBRE, IDINDICEDLLOHUMANO) VALUES (157, 4, '140', 'CALAMAR', 2);
INSERT INTO CIUDAD (IDCIUDAD, IDDEPARTAMENTO, CODIGO, NOMBRE, IDINDICEDLLOHUMANO) VALUES (158, 4, '160', 'CANTAGALLO', 2);
INSERT INTO CIUDAD (IDCIUDAD, IDDEPARTAMENTO, CODIGO, NOMBRE, IDINDICEDLLOHUMANO) VALUES (159, 4, '188', 'CICUCO', 2);
INSERT INTO CIUDAD (IDCIUDAD, IDDEPARTAMENTO, CODIGO, NOMBRE, IDINDICEDLLOHUMANO) VALUES (160, 4, '212', 'CORDOBA', 2);
INSERT INTO CIUDAD (IDCIUDAD, IDDEPARTAMENTO, CODIGO, NOMBRE, IDINDICEDLLOHUMANO) VALUES (161, 4, '222', 'CLEMENCIA', 2);
INSERT INTO CIUDAD (IDCIUDAD, IDDEPARTAMENTO, CODIGO, NOMBRE, IDINDICEDLLOHUMANO) VALUES (162, 4, '244', 'EL CARMEN DE BOLIVAR', 2);
INSERT INTO CIUDAD (IDCIUDAD, IDDEPARTAMENTO, CODIGO, NOMBRE, IDINDICEDLLOHUMANO) VALUES (163, 4, '248', 'EL GUAMO', 2);
INSERT INTO CIUDAD (IDCIUDAD, IDDEPARTAMENTO, CODIGO, NOMBRE, IDINDICEDLLOHUMANO) VALUES (164, 4, '268', 'EL PEÑON', 2);
INSERT INTO CIUDAD (IDCIUDAD, IDDEPARTAMENTO, CODIGO, NOMBRE, IDINDICEDLLOHUMANO) VALUES (165, 4, '300', 'HATILLO DE LOBA', 2);
INSERT INTO CIUDAD (IDCIUDAD, IDDEPARTAMENTO, CODIGO, NOMBRE, IDINDICEDLLOHUMANO) VALUES (166, 4, '430', 'MAGANGUE', 2);
INSERT INTO CIUDAD (IDCIUDAD, IDDEPARTAMENTO, CODIGO, NOMBRE, IDINDICEDLLOHUMANO) VALUES (167, 4, '433', 'MAHATES', 2);
INSERT INTO CIUDAD (IDCIUDAD, IDDEPARTAMENTO, CODIGO, NOMBRE, IDINDICEDLLOHUMANO) VALUES (168, 4, '440', 'MARGARITA', 2);
INSERT INTO CIUDAD (IDCIUDAD, IDDEPARTAMENTO, CODIGO, NOMBRE, IDINDICEDLLOHUMANO) VALUES (169, 4, '442', 'MARIA LA BAJA', 2);
INSERT INTO CIUDAD (IDCIUDAD, IDDEPARTAMENTO, CODIGO, NOMBRE, IDINDICEDLLOHUMANO) VALUES (170, 4, '458', 'MONTECRISTO', 2);
INSERT INTO CIUDAD (IDCIUDAD, IDDEPARTAMENTO, CODIGO, NOMBRE, IDINDICEDLLOHUMANO) VALUES (171, 4, '468', 'MOMPOS', 2);
INSERT INTO CIUDAD (IDCIUDAD, IDDEPARTAMENTO, CODIGO, NOMBRE, IDINDICEDLLOHUMANO) VALUES (172, 4, '490', 'NOROSI', 2);
INSERT INTO CIUDAD (IDCIUDAD, IDDEPARTAMENTO, CODIGO, NOMBRE, IDINDICEDLLOHUMANO) VALUES (173, 4, '473', 'MORALES', 2);
INSERT INTO CIUDAD (IDCIUDAD, IDDEPARTAMENTO, CODIGO, NOMBRE, IDINDICEDLLOHUMANO) VALUES (174, 4, '549', 'PINILLOS', 2);
INSERT INTO CIUDAD (IDCIUDAD, IDDEPARTAMENTO, CODIGO, NOMBRE, IDINDICEDLLOHUMANO) VALUES (175, 4, '580', 'REGIDOR', 2);
INSERT INTO CIUDAD (IDCIUDAD, IDDEPARTAMENTO, CODIGO, NOMBRE, IDINDICEDLLOHUMANO) VALUES (176, 4, '600', 'RIO VIEJO', 2);
INSERT INTO CIUDAD (IDCIUDAD, IDDEPARTAMENTO, CODIGO, NOMBRE, IDINDICEDLLOHUMANO) VALUES (177, 4, '620', 'SAN CRISTOBAL', 2);
INSERT INTO CIUDAD (IDCIUDAD, IDDEPARTAMENTO, CODIGO, NOMBRE, IDINDICEDLLOHUMANO) VALUES (178, 4, '647', 'SAN ESTANISLAO', 2);
INSERT INTO CIUDAD (IDCIUDAD, IDDEPARTAMENTO, CODIGO, NOMBRE, IDINDICEDLLOHUMANO) VALUES (179, 4, '650', 'SAN FERNANDO', 2);
INSERT INTO CIUDAD (IDCIUDAD, IDDEPARTAMENTO, CODIGO, NOMBRE, IDINDICEDLLOHUMANO) VALUES (180, 4, '654', 'SAN JACINTO', 2);
INSERT INTO CIUDAD (IDCIUDAD, IDDEPARTAMENTO, CODIGO, NOMBRE, IDINDICEDLLOHUMANO) VALUES (181, 4, '655', 'SAN JACINTO DEL 8', 2);
INSERT INTO CIUDAD (IDCIUDAD, IDDEPARTAMENTO, CODIGO, NOMBRE, IDINDICEDLLOHUMANO) VALUES (182, 4, '657', 'SAN JUAN NEPOMUCENO', 2);
INSERT INTO CIUDAD (IDCIUDAD, IDDEPARTAMENTO, CODIGO, NOMBRE, IDINDICEDLLOHUMANO) VALUES (183, 4, '667', 'SAN MARTIN DE LOBA', 2);
INSERT INTO CIUDAD (IDCIUDAD, IDDEPARTAMENTO, CODIGO, NOMBRE, IDINDICEDLLOHUMANO) VALUES (184, 4, '670', 'SAN PABLO', 2);
INSERT INTO CIUDAD (IDCIUDAD, IDDEPARTAMENTO, CODIGO, NOMBRE, IDINDICEDLLOHUMANO) VALUES (185, 4, '673', 'SANTA CATALINA', 2);
INSERT INTO CIUDAD (IDCIUDAD, IDDEPARTAMENTO, CODIGO, NOMBRE, IDINDICEDLLOHUMANO) VALUES (186, 4, '683', 'SANTA ROSA', 2);
INSERT INTO CIUDAD (IDCIUDAD, IDDEPARTAMENTO, CODIGO, NOMBRE, IDINDICEDLLOHUMANO) VALUES (187, 4, '688', 'SANTA ROSA DEL SUR', 2);
INSERT INTO CIUDAD (IDCIUDAD, IDDEPARTAMENTO, CODIGO, NOMBRE, IDINDICEDLLOHUMANO) VALUES (188, 4, '744', 'SIMITI', 2);
INSERT INTO CIUDAD (IDCIUDAD, IDDEPARTAMENTO, CODIGO, NOMBRE, IDINDICEDLLOHUMANO) VALUES (189, 4, '760', 'SOPLAVIENTO', 2);
INSERT INTO CIUDAD (IDCIUDAD, IDDEPARTAMENTO, CODIGO, NOMBRE, IDINDICEDLLOHUMANO) VALUES (190, 4, '780', 'TALAIGUA NUEVO', 2);
INSERT INTO CIUDAD (IDCIUDAD, IDDEPARTAMENTO, CODIGO, NOMBRE, IDINDICEDLLOHUMANO) VALUES (191, 4, '810', 'TIQUISIO', 2);
INSERT INTO CIUDAD (IDCIUDAD, IDDEPARTAMENTO, CODIGO, NOMBRE, IDINDICEDLLOHUMANO) VALUES (192, 4, '836', 'TURBACO', 2);
INSERT INTO CIUDAD (IDCIUDAD, IDDEPARTAMENTO, CODIGO, NOMBRE, IDINDICEDLLOHUMANO) VALUES (193, 4, '838', 'TURBANA', 2);
INSERT INTO CIUDAD (IDCIUDAD, IDDEPARTAMENTO, CODIGO, NOMBRE, IDINDICEDLLOHUMANO) VALUES (194, 4, '873', 'VILLANUEVA', 2);
INSERT INTO CIUDAD (IDCIUDAD, IDDEPARTAMENTO, CODIGO, NOMBRE, IDINDICEDLLOHUMANO) VALUES (195, 4, '894', 'ZAMBRANO', 2);
INSERT INTO CIUDAD (IDCIUDAD, IDDEPARTAMENTO, CODIGO, NOMBRE, IDINDICEDLLOHUMANO) VALUES (196, 5, '001', 'TUNJA', 2);
INSERT INTO CIUDAD (IDCIUDAD, IDDEPARTAMENTO, CODIGO, NOMBRE, IDINDICEDLLOHUMANO) VALUES (197, 5, '022', 'ALMEIDA', 2);
INSERT INTO CIUDAD (IDCIUDAD, IDDEPARTAMENTO, CODIGO, NOMBRE, IDINDICEDLLOHUMANO) VALUES (198, 5, '047', 'AQUITANIA', 2);
INSERT INTO CIUDAD (IDCIUDAD, IDDEPARTAMENTO, CODIGO, NOMBRE, IDINDICEDLLOHUMANO) VALUES (199, 5, '051', 'ARCABUCO', 2);
INSERT INTO CIUDAD (IDCIUDAD, IDDEPARTAMENTO, CODIGO, NOMBRE, IDINDICEDLLOHUMANO) VALUES (200, 5, '087', 'BELEN', 2);
INSERT INTO CIUDAD (IDCIUDAD, IDDEPARTAMENTO, CODIGO, NOMBRE, IDINDICEDLLOHUMANO) VALUES (201, 5, '090', 'BERBEO', 2);
INSERT INTO CIUDAD (IDCIUDAD, IDDEPARTAMENTO, CODIGO, NOMBRE, IDINDICEDLLOHUMANO) VALUES (202, 5, '092', 'BETEITIVA', 2);
INSERT INTO CIUDAD (IDCIUDAD, IDDEPARTAMENTO, CODIGO, NOMBRE, IDINDICEDLLOHUMANO) VALUES (203, 5, '097', 'BOAVITA', 2);
INSERT INTO CIUDAD (IDCIUDAD, IDDEPARTAMENTO, CODIGO, NOMBRE, IDINDICEDLLOHUMANO) VALUES (204, 5, '104', 'BOYACA', 2);
INSERT INTO CIUDAD (IDCIUDAD, IDDEPARTAMENTO, CODIGO, NOMBRE, IDINDICEDLLOHUMANO) VALUES (205, 5, '106', 'BRICEÑO', 2);
INSERT INTO CIUDAD (IDCIUDAD, IDDEPARTAMENTO, CODIGO, NOMBRE, IDINDICEDLLOHUMANO) VALUES (206, 5, '109', 'BUENAVISTA', 2);
INSERT INTO CIUDAD (IDCIUDAD, IDDEPARTAMENTO, CODIGO, NOMBRE, IDINDICEDLLOHUMANO) VALUES (207, 5, '114', 'BUSBANZA', 2);
INSERT INTO CIUDAD (IDCIUDAD, IDDEPARTAMENTO, CODIGO, NOMBRE, IDINDICEDLLOHUMANO) VALUES (208, 5, '131', 'CALDAS', 2);
INSERT INTO CIUDAD (IDCIUDAD, IDDEPARTAMENTO, CODIGO, NOMBRE, IDINDICEDLLOHUMANO) VALUES (209, 5, '135', 'CAMPOHERMOSO', 2);
INSERT INTO CIUDAD (IDCIUDAD, IDDEPARTAMENTO, CODIGO, NOMBRE, IDINDICEDLLOHUMANO) VALUES (210, 5, '162', 'CERINZA', 2);
INSERT INTO CIUDAD (IDCIUDAD, IDDEPARTAMENTO, CODIGO, NOMBRE, IDINDICEDLLOHUMANO) VALUES (211, 5, '172', 'CHINAVITA', 2);
INSERT INTO CIUDAD (IDCIUDAD, IDDEPARTAMENTO, CODIGO, NOMBRE, IDINDICEDLLOHUMANO) VALUES (212, 5, '176', 'CHIQUINQUIRA', 2);
INSERT INTO CIUDAD (IDCIUDAD, IDDEPARTAMENTO, CODIGO, NOMBRE, IDINDICEDLLOHUMANO) VALUES (213, 5, '180', 'CHISCAS', 2);
INSERT INTO CIUDAD (IDCIUDAD, IDDEPARTAMENTO, CODIGO, NOMBRE, IDINDICEDLLOHUMANO) VALUES (214, 5, '183', 'CHITA', 2);
INSERT INTO CIUDAD (IDCIUDAD, IDDEPARTAMENTO, CODIGO, NOMBRE, IDINDICEDLLOHUMANO) VALUES (215, 5, '185', 'CHITARAQUE', 2);
INSERT INTO CIUDAD (IDCIUDAD, IDDEPARTAMENTO, CODIGO, NOMBRE, IDINDICEDLLOHUMANO) VALUES (216, 5, '187', 'CHIVATA', 2);
INSERT INTO CIUDAD (IDCIUDAD, IDDEPARTAMENTO, CODIGO, NOMBRE, IDINDICEDLLOHUMANO) VALUES (217, 5, '189', 'CIENEGA', 2);
INSERT INTO CIUDAD (IDCIUDAD, IDDEPARTAMENTO, CODIGO, NOMBRE, IDINDICEDLLOHUMANO) VALUES (218, 5, '204', 'COMBITA', 2);
INSERT INTO CIUDAD (IDCIUDAD, IDDEPARTAMENTO, CODIGO, NOMBRE, IDINDICEDLLOHUMANO) VALUES (219, 5, '212', 'COPER', 2);
INSERT INTO CIUDAD (IDCIUDAD, IDDEPARTAMENTO, CODIGO, NOMBRE, IDINDICEDLLOHUMANO) VALUES (220, 5, '215', 'CORRALES', 2);
INSERT INTO CIUDAD (IDCIUDAD, IDDEPARTAMENTO, CODIGO, NOMBRE, IDINDICEDLLOHUMANO) VALUES (221, 5, '218', 'COVARACHIA', 2);
INSERT INTO CIUDAD (IDCIUDAD, IDDEPARTAMENTO, CODIGO, NOMBRE, IDINDICEDLLOHUMANO) VALUES (222, 5, '223', 'CUBARA', 2);
INSERT INTO CIUDAD (IDCIUDAD, IDDEPARTAMENTO, CODIGO, NOMBRE, IDINDICEDLLOHUMANO) VALUES (223, 5, '224', 'CUCAITA', 2);
INSERT INTO CIUDAD (IDCIUDAD, IDDEPARTAMENTO, CODIGO, NOMBRE, IDINDICEDLLOHUMANO) VALUES (224, 5, '226', 'CUITIVA', 2);
INSERT INTO CIUDAD (IDCIUDAD, IDDEPARTAMENTO, CODIGO, NOMBRE, IDINDICEDLLOHUMANO) VALUES (225, 5, '232', 'CHIQUIZA', 2);
INSERT INTO CIUDAD (IDCIUDAD, IDDEPARTAMENTO, CODIGO, NOMBRE, IDINDICEDLLOHUMANO) VALUES (226, 5, '236', 'CHIVOR', 2);
INSERT INTO CIUDAD (IDCIUDAD, IDDEPARTAMENTO, CODIGO, NOMBRE, IDINDICEDLLOHUMANO) VALUES (227, 5, '238', 'DUITAMA', 2);
INSERT INTO CIUDAD (IDCIUDAD, IDDEPARTAMENTO, CODIGO, NOMBRE, IDINDICEDLLOHUMANO) VALUES (228, 5, '244', 'EL COCUY', 2);
INSERT INTO CIUDAD (IDCIUDAD, IDDEPARTAMENTO, CODIGO, NOMBRE, IDINDICEDLLOHUMANO) VALUES (229, 5, '248', 'EL ESPINO', 2);
INSERT INTO CIUDAD (IDCIUDAD, IDDEPARTAMENTO, CODIGO, NOMBRE, IDINDICEDLLOHUMANO) VALUES (230, 5, '272', 'FIRAVITOBA', 2);
INSERT INTO CIUDAD (IDCIUDAD, IDDEPARTAMENTO, CODIGO, NOMBRE, IDINDICEDLLOHUMANO) VALUES (231, 5, '276', 'FLORESTA', 2);
INSERT INTO CIUDAD (IDCIUDAD, IDDEPARTAMENTO, CODIGO, NOMBRE, IDINDICEDLLOHUMANO) VALUES (232, 5, '293', 'GACHANTIVA', 2);
INSERT INTO CIUDAD (IDCIUDAD, IDDEPARTAMENTO, CODIGO, NOMBRE, IDINDICEDLLOHUMANO) VALUES (233, 5, '296', 'GAMEZA', 2);
INSERT INTO CIUDAD (IDCIUDAD, IDDEPARTAMENTO, CODIGO, NOMBRE, IDINDICEDLLOHUMANO) VALUES (234, 5, '299', 'GARAGOA', 2);
INSERT INTO CIUDAD (IDCIUDAD, IDDEPARTAMENTO, CODIGO, NOMBRE, IDINDICEDLLOHUMANO) VALUES (235, 5, '317', 'GUACAMAYAS', 2);
INSERT INTO CIUDAD (IDCIUDAD, IDDEPARTAMENTO, CODIGO, NOMBRE, IDINDICEDLLOHUMANO) VALUES (236, 5, '322', 'GUATEQUE', 2);
INSERT INTO CIUDAD (IDCIUDAD, IDDEPARTAMENTO, CODIGO, NOMBRE, IDINDICEDLLOHUMANO) VALUES (237, 5, '325', 'GUAYATA', 2);
INSERT INTO CIUDAD (IDCIUDAD, IDDEPARTAMENTO, CODIGO, NOMBRE, IDINDICEDLLOHUMANO) VALUES (238, 5, '332', 'GsICAN', 2);
INSERT INTO CIUDAD (IDCIUDAD, IDDEPARTAMENTO, CODIGO, NOMBRE, IDINDICEDLLOHUMANO) VALUES (239, 5, '362', 'IZA', 2);
INSERT INTO CIUDAD (IDCIUDAD, IDDEPARTAMENTO, CODIGO, NOMBRE, IDINDICEDLLOHUMANO) VALUES (240, 5, '367', 'JENESANO', 2);
INSERT INTO CIUDAD (IDCIUDAD, IDDEPARTAMENTO, CODIGO, NOMBRE, IDINDICEDLLOHUMANO) VALUES (241, 5, '368', 'JERICO', 2);
INSERT INTO CIUDAD (IDCIUDAD, IDDEPARTAMENTO, CODIGO, NOMBRE, IDINDICEDLLOHUMANO) VALUES (242, 5, '377', 'LABRANZAGRANDE', 2);
INSERT INTO CIUDAD (IDCIUDAD, IDDEPARTAMENTO, CODIGO, NOMBRE, IDINDICEDLLOHUMANO) VALUES (243, 5, '380', 'LA CAPILLA', 2);
INSERT INTO CIUDAD (IDCIUDAD, IDDEPARTAMENTO, CODIGO, NOMBRE, IDINDICEDLLOHUMANO) VALUES (244, 5, '401', 'LA VICTORIA', 2);
INSERT INTO CIUDAD (IDCIUDAD, IDDEPARTAMENTO, CODIGO, NOMBRE, IDINDICEDLLOHUMANO) VALUES (245, 5, '403', 'LA UVITA', 2);
INSERT INTO CIUDAD (IDCIUDAD, IDDEPARTAMENTO, CODIGO, NOMBRE, IDINDICEDLLOHUMANO) VALUES (246, 5, '407', 'VILLA DE LEYVA', 2);
INSERT INTO CIUDAD (IDCIUDAD, IDDEPARTAMENTO, CODIGO, NOMBRE, IDINDICEDLLOHUMANO) VALUES (247, 5, '425', 'MACANAL', 2);
INSERT INTO CIUDAD (IDCIUDAD, IDDEPARTAMENTO, CODIGO, NOMBRE, IDINDICEDLLOHUMANO) VALUES (248, 5, '442', 'MARIPI', 2);
INSERT INTO CIUDAD (IDCIUDAD, IDDEPARTAMENTO, CODIGO, NOMBRE, IDINDICEDLLOHUMANO) VALUES (249, 5, '455', 'MIRAFLORES', 2);
INSERT INTO CIUDAD (IDCIUDAD, IDDEPARTAMENTO, CODIGO, NOMBRE, IDINDICEDLLOHUMANO) VALUES (250, 5, '464', 'MONGUA', 2);
INSERT INTO CIUDAD (IDCIUDAD, IDDEPARTAMENTO, CODIGO, NOMBRE, IDINDICEDLLOHUMANO) VALUES (251, 5, '466', 'MONGUI', 2);
INSERT INTO CIUDAD (IDCIUDAD, IDDEPARTAMENTO, CODIGO, NOMBRE, IDINDICEDLLOHUMANO) VALUES (252, 5, '469', 'MONIQUIRA', 2);
INSERT INTO CIUDAD (IDCIUDAD, IDDEPARTAMENTO, CODIGO, NOMBRE, IDINDICEDLLOHUMANO) VALUES (253, 5, '476', 'MOTAVITA', 2);
INSERT INTO CIUDAD (IDCIUDAD, IDDEPARTAMENTO, CODIGO, NOMBRE, IDINDICEDLLOHUMANO) VALUES (254, 5, '480', 'MUZO', 2);
INSERT INTO CIUDAD (IDCIUDAD, IDDEPARTAMENTO, CODIGO, NOMBRE, IDINDICEDLLOHUMANO) VALUES (255, 5, '491', 'NOBSA', 2);
INSERT INTO CIUDAD (IDCIUDAD, IDDEPARTAMENTO, CODIGO, NOMBRE, IDINDICEDLLOHUMANO) VALUES (256, 5, '494', 'NUEVO COLON', 2);
INSERT INTO CIUDAD (IDCIUDAD, IDDEPARTAMENTO, CODIGO, NOMBRE, IDINDICEDLLOHUMANO) VALUES (257, 5, '500', 'OICATA', 2);
INSERT INTO CIUDAD (IDCIUDAD, IDDEPARTAMENTO, CODIGO, NOMBRE, IDINDICEDLLOHUMANO) VALUES (258, 5, '507', 'OTANCHE', 2);
INSERT INTO CIUDAD (IDCIUDAD, IDDEPARTAMENTO, CODIGO, NOMBRE, IDINDICEDLLOHUMANO) VALUES (259, 5, '511', 'PACHAVITA', 2);
INSERT INTO CIUDAD (IDCIUDAD, IDDEPARTAMENTO, CODIGO, NOMBRE, IDINDICEDLLOHUMANO) VALUES (260, 5, '514', 'PAEZ', 2);
INSERT INTO CIUDAD (IDCIUDAD, IDDEPARTAMENTO, CODIGO, NOMBRE, IDINDICEDLLOHUMANO) VALUES (261, 5, '516', 'PAIPA', 2);
INSERT INTO CIUDAD (IDCIUDAD, IDDEPARTAMENTO, CODIGO, NOMBRE, IDINDICEDLLOHUMANO) VALUES (262, 5, '518', 'PAJARITO', 2);
INSERT INTO CIUDAD (IDCIUDAD, IDDEPARTAMENTO, CODIGO, NOMBRE, IDINDICEDLLOHUMANO) VALUES (263, 5, '522', 'PANQUEBA', 2);
INSERT INTO CIUDAD (IDCIUDAD, IDDEPARTAMENTO, CODIGO, NOMBRE, IDINDICEDLLOHUMANO) VALUES (264, 5, '531', 'PAUNA', 2);
INSERT INTO CIUDAD (IDCIUDAD, IDDEPARTAMENTO, CODIGO, NOMBRE, IDINDICEDLLOHUMANO) VALUES (265, 5, '533', 'PAYA', 2);
INSERT INTO CIUDAD (IDCIUDAD, IDDEPARTAMENTO, CODIGO, NOMBRE, IDINDICEDLLOHUMANO) VALUES (266, 5, '537', 'PAZ DE RIO', 2);
INSERT INTO CIUDAD (IDCIUDAD, IDDEPARTAMENTO, CODIGO, NOMBRE, IDINDICEDLLOHUMANO) VALUES (267, 5, '542', 'PESCA', 2);
INSERT INTO CIUDAD (IDCIUDAD, IDDEPARTAMENTO, CODIGO, NOMBRE, IDINDICEDLLOHUMANO) VALUES (268, 5, '550', 'PISBA', 2);
INSERT INTO CIUDAD (IDCIUDAD, IDDEPARTAMENTO, CODIGO, NOMBRE, IDINDICEDLLOHUMANO) VALUES (269, 5, '572', 'PUERTO BOYACA', 2);
INSERT INTO CIUDAD (IDCIUDAD, IDDEPARTAMENTO, CODIGO, NOMBRE, IDINDICEDLLOHUMANO) VALUES (270, 5, '580', 'QUIPAMA', 2);
INSERT INTO CIUDAD (IDCIUDAD, IDDEPARTAMENTO, CODIGO, NOMBRE, IDINDICEDLLOHUMANO) VALUES (271, 5, '599', 'RAMIRIQUI', 2);
INSERT INTO CIUDAD (IDCIUDAD, IDDEPARTAMENTO, CODIGO, NOMBRE, IDINDICEDLLOHUMANO) VALUES (272, 5, '600', 'RAQUIRA', 2);
INSERT INTO CIUDAD (IDCIUDAD, IDDEPARTAMENTO, CODIGO, NOMBRE, IDINDICEDLLOHUMANO) VALUES (273, 5, '621', 'RONDON', 2);
INSERT INTO CIUDAD (IDCIUDAD, IDDEPARTAMENTO, CODIGO, NOMBRE, IDINDICEDLLOHUMANO) VALUES (274, 5, '632', 'SABOYA', 2);
INSERT INTO CIUDAD (IDCIUDAD, IDDEPARTAMENTO, CODIGO, NOMBRE, IDINDICEDLLOHUMANO) VALUES (275, 5, '638', 'SACHICA', 2);
INSERT INTO CIUDAD (IDCIUDAD, IDDEPARTAMENTO, CODIGO, NOMBRE, IDINDICEDLLOHUMANO) VALUES (276, 5, '646', 'SAMACA', 2);
INSERT INTO CIUDAD (IDCIUDAD, IDDEPARTAMENTO, CODIGO, NOMBRE, IDINDICEDLLOHUMANO) VALUES (277, 5, '660', 'SAN EDUARDO', 2);
INSERT INTO CIUDAD (IDCIUDAD, IDDEPARTAMENTO, CODIGO, NOMBRE, IDINDICEDLLOHUMANO) VALUES (278, 5, '664', 'SAN JOSE DE PARE', 2);
INSERT INTO CIUDAD (IDCIUDAD, IDDEPARTAMENTO, CODIGO, NOMBRE, IDINDICEDLLOHUMANO) VALUES (279, 5, '667', 'SAN LUIS DE GACENO', 2);
INSERT INTO CIUDAD (IDCIUDAD, IDDEPARTAMENTO, CODIGO, NOMBRE, IDINDICEDLLOHUMANO) VALUES (280, 5, '673', 'SAN MATEO', 2);
INSERT INTO CIUDAD (IDCIUDAD, IDDEPARTAMENTO, CODIGO, NOMBRE, IDINDICEDLLOHUMANO) VALUES (281, 5, '676', 'SAN MIGUEL DE SEMA', 2);
INSERT INTO CIUDAD (IDCIUDAD, IDDEPARTAMENTO, CODIGO, NOMBRE, IDINDICEDLLOHUMANO) VALUES (282, 5, '681', 'SAN PABLO DE BORBUR', 2);
INSERT INTO CIUDAD (IDCIUDAD, IDDEPARTAMENTO, CODIGO, NOMBRE, IDINDICEDLLOHUMANO) VALUES (283, 5, '686', 'SANTANA', 2);
INSERT INTO CIUDAD (IDCIUDAD, IDDEPARTAMENTO, CODIGO, NOMBRE, IDINDICEDLLOHUMANO) VALUES (284, 5, '690', 'SANTA MARIA', 2);
INSERT INTO CIUDAD (IDCIUDAD, IDDEPARTAMENTO, CODIGO, NOMBRE, IDINDICEDLLOHUMANO) VALUES (285, 5, '693', 'SANTA ROSA DE VITERBO', 2);
INSERT INTO CIUDAD (IDCIUDAD, IDDEPARTAMENTO, CODIGO, NOMBRE, IDINDICEDLLOHUMANO) VALUES (286, 5, '696', 'SANTA SOFIA', 2);
INSERT INTO CIUDAD (IDCIUDAD, IDDEPARTAMENTO, CODIGO, NOMBRE, IDINDICEDLLOHUMANO) VALUES (287, 5, '720', 'SATIVANORTE', 2);
INSERT INTO CIUDAD (IDCIUDAD, IDDEPARTAMENTO, CODIGO, NOMBRE, IDINDICEDLLOHUMANO) VALUES (288, 5, '723', 'SATIVASUR', 2);
INSERT INTO CIUDAD (IDCIUDAD, IDDEPARTAMENTO, CODIGO, NOMBRE, IDINDICEDLLOHUMANO) VALUES (289, 5, '740', 'SIACHOQUE', 2);
INSERT INTO CIUDAD (IDCIUDAD, IDDEPARTAMENTO, CODIGO, NOMBRE, IDINDICEDLLOHUMANO) VALUES (290, 5, '753', 'SOATA', 2);
INSERT INTO CIUDAD (IDCIUDAD, IDDEPARTAMENTO, CODIGO, NOMBRE, IDINDICEDLLOHUMANO) VALUES (291, 5, '755', 'SOCOTA', 2);
INSERT INTO CIUDAD (IDCIUDAD, IDDEPARTAMENTO, CODIGO, NOMBRE, IDINDICEDLLOHUMANO) VALUES (292, 5, '757', 'SOCHA', 2);
INSERT INTO CIUDAD (IDCIUDAD, IDDEPARTAMENTO, CODIGO, NOMBRE, IDINDICEDLLOHUMANO) VALUES (293, 5, '759', 'SOGAMOSO', 2);
INSERT INTO CIUDAD (IDCIUDAD, IDDEPARTAMENTO, CODIGO, NOMBRE, IDINDICEDLLOHUMANO) VALUES (294, 5, '761', 'SOMONDOCO', 2);
INSERT INTO CIUDAD (IDCIUDAD, IDDEPARTAMENTO, CODIGO, NOMBRE, IDINDICEDLLOHUMANO) VALUES (295, 5, '762', 'SORA', 2);
INSERT INTO CIUDAD (IDCIUDAD, IDDEPARTAMENTO, CODIGO, NOMBRE, IDINDICEDLLOHUMANO) VALUES (296, 5, '763', 'SOTAQUIRA', 2);
INSERT INTO CIUDAD (IDCIUDAD, IDDEPARTAMENTO, CODIGO, NOMBRE, IDINDICEDLLOHUMANO) VALUES (297, 5, '764', 'SORACA', 2);
INSERT INTO CIUDAD (IDCIUDAD, IDDEPARTAMENTO, CODIGO, NOMBRE, IDINDICEDLLOHUMANO) VALUES (298, 5, '774', 'SUSACON', 2);
INSERT INTO CIUDAD (IDCIUDAD, IDDEPARTAMENTO, CODIGO, NOMBRE, IDINDICEDLLOHUMANO) VALUES (299, 5, '776', 'SUTAMARCHAN', 2);
INSERT INTO CIUDAD (IDCIUDAD, IDDEPARTAMENTO, CODIGO, NOMBRE, IDINDICEDLLOHUMANO) VALUES (300, 5, '778', 'SUTATENZA', 2);
INSERT INTO CIUDAD (IDCIUDAD, IDDEPARTAMENTO, CODIGO, NOMBRE, IDINDICEDLLOHUMANO) VALUES (301, 5, '790', 'TASCO', 2);
INSERT INTO CIUDAD (IDCIUDAD, IDDEPARTAMENTO, CODIGO, NOMBRE, IDINDICEDLLOHUMANO) VALUES (302, 5, '798', 'TENZA', 2);
INSERT INTO CIUDAD (IDCIUDAD, IDDEPARTAMENTO, CODIGO, NOMBRE, IDINDICEDLLOHUMANO) VALUES (303, 5, '804', 'TIBANA', 2);
INSERT INTO CIUDAD (IDCIUDAD, IDDEPARTAMENTO, CODIGO, NOMBRE, IDINDICEDLLOHUMANO) VALUES (304, 5, '806', 'TIBASOSA', 2);
INSERT INTO CIUDAD (IDCIUDAD, IDDEPARTAMENTO, CODIGO, NOMBRE, IDINDICEDLLOHUMANO) VALUES (305, 5, '808', 'TINJACA', 2);
INSERT INTO CIUDAD (IDCIUDAD, IDDEPARTAMENTO, CODIGO, NOMBRE, IDINDICEDLLOHUMANO) VALUES (306, 5, '810', 'TIPACOQUE', 2);
INSERT INTO CIUDAD (IDCIUDAD, IDDEPARTAMENTO, CODIGO, NOMBRE, IDINDICEDLLOHUMANO) VALUES (307, 5, '814', 'TOCA', 2);
INSERT INTO CIUDAD (IDCIUDAD, IDDEPARTAMENTO, CODIGO, NOMBRE, IDINDICEDLLOHUMANO) VALUES (308, 5, '816', 'TOGsI', 2);
INSERT INTO CIUDAD (IDCIUDAD, IDDEPARTAMENTO, CODIGO, NOMBRE, IDINDICEDLLOHUMANO) VALUES (309, 5, '820', 'TOPAGA', 2);
INSERT INTO CIUDAD (IDCIUDAD, IDDEPARTAMENTO, CODIGO, NOMBRE, IDINDICEDLLOHUMANO) VALUES (310, 5, '822', 'TOTA', 2);
INSERT INTO CIUDAD (IDCIUDAD, IDDEPARTAMENTO, CODIGO, NOMBRE, IDINDICEDLLOHUMANO) VALUES (311, 5, '832', 'TUNUNGUA', 3);
INSERT INTO CIUDAD (IDCIUDAD, IDDEPARTAMENTO, CODIGO, NOMBRE, IDINDICEDLLOHUMANO) VALUES (312, 5, '835', 'TURMEQUE', 3);
INSERT INTO CIUDAD (IDCIUDAD, IDDEPARTAMENTO, CODIGO, NOMBRE, IDINDICEDLLOHUMANO) VALUES (313, 5, '837', 'TUTA', 3);
INSERT INTO CIUDAD (IDCIUDAD, IDDEPARTAMENTO, CODIGO, NOMBRE, IDINDICEDLLOHUMANO) VALUES (314, 5, '839', 'TUTAZA', 3);
INSERT INTO CIUDAD (IDCIUDAD, IDDEPARTAMENTO, CODIGO, NOMBRE, IDINDICEDLLOHUMANO) VALUES (315, 5, '842', 'UMBITA', 3);
INSERT INTO CIUDAD (IDCIUDAD, IDDEPARTAMENTO, CODIGO, NOMBRE, IDINDICEDLLOHUMANO) VALUES (316, 5, '861', 'VENTAQUEMADA', 3);
INSERT INTO CIUDAD (IDCIUDAD, IDDEPARTAMENTO, CODIGO, NOMBRE, IDINDICEDLLOHUMANO) VALUES (317, 5, '879', 'VIRACACHA', 3);
INSERT INTO CIUDAD (IDCIUDAD, IDDEPARTAMENTO, CODIGO, NOMBRE, IDINDICEDLLOHUMANO) VALUES (318, 5, '897', 'ZETAQUIRA', 3);
INSERT INTO CIUDAD (IDCIUDAD, IDDEPARTAMENTO, CODIGO, NOMBRE, IDINDICEDLLOHUMANO) VALUES (319, 6, '001', 'MANIZALES', 3);
INSERT INTO CIUDAD (IDCIUDAD, IDDEPARTAMENTO, CODIGO, NOMBRE, IDINDICEDLLOHUMANO) VALUES (320, 6, '013', 'AGUADAS', 3);
INSERT INTO CIUDAD (IDCIUDAD, IDDEPARTAMENTO, CODIGO, NOMBRE, IDINDICEDLLOHUMANO) VALUES (321, 6, '042', 'ANSERMA', 3);
INSERT INTO CIUDAD (IDCIUDAD, IDDEPARTAMENTO, CODIGO, NOMBRE, IDINDICEDLLOHUMANO) VALUES (322, 6, '050', 'ARANZAZU', 3);
INSERT INTO CIUDAD (IDCIUDAD, IDDEPARTAMENTO, CODIGO, NOMBRE, IDINDICEDLLOHUMANO) VALUES (323, 6, '088', 'BELALCAZAR', 3);
INSERT INTO CIUDAD (IDCIUDAD, IDDEPARTAMENTO, CODIGO, NOMBRE, IDINDICEDLLOHUMANO) VALUES (324, 6, '174', 'CHINCHINA', 3);
INSERT INTO CIUDAD (IDCIUDAD, IDDEPARTAMENTO, CODIGO, NOMBRE, IDINDICEDLLOHUMANO) VALUES (325, 6, '272', 'FILADELFIA', 3);
INSERT INTO CIUDAD (IDCIUDAD, IDDEPARTAMENTO, CODIGO, NOMBRE, IDINDICEDLLOHUMANO) VALUES (326, 6, '380', 'LA DORADA', 3);
INSERT INTO CIUDAD (IDCIUDAD, IDDEPARTAMENTO, CODIGO, NOMBRE, IDINDICEDLLOHUMANO) VALUES (327, 6, '388', 'LA MERCED', 3);
INSERT INTO CIUDAD (IDCIUDAD, IDDEPARTAMENTO, CODIGO, NOMBRE, IDINDICEDLLOHUMANO) VALUES (328, 6, '433', 'MANZANARES', 3);
INSERT INTO CIUDAD (IDCIUDAD, IDDEPARTAMENTO, CODIGO, NOMBRE, IDINDICEDLLOHUMANO) VALUES (329, 6, '442', 'MARMATO', 3);
INSERT INTO CIUDAD (IDCIUDAD, IDDEPARTAMENTO, CODIGO, NOMBRE, IDINDICEDLLOHUMANO) VALUES (330, 6, '444', 'MARQUETALIA', 3);
INSERT INTO CIUDAD (IDCIUDAD, IDDEPARTAMENTO, CODIGO, NOMBRE, IDINDICEDLLOHUMANO) VALUES (331, 6, '446', 'MARULANDA', 3);
INSERT INTO CIUDAD (IDCIUDAD, IDDEPARTAMENTO, CODIGO, NOMBRE, IDINDICEDLLOHUMANO) VALUES (332, 6, '486', 'NEIRA', 3);
INSERT INTO CIUDAD (IDCIUDAD, IDDEPARTAMENTO, CODIGO, NOMBRE, IDINDICEDLLOHUMANO) VALUES (333, 6, '495', 'NORCASIA', 3);
INSERT INTO CIUDAD (IDCIUDAD, IDDEPARTAMENTO, CODIGO, NOMBRE, IDINDICEDLLOHUMANO) VALUES (334, 6, '513', 'PACORA', 3);
INSERT INTO CIUDAD (IDCIUDAD, IDDEPARTAMENTO, CODIGO, NOMBRE, IDINDICEDLLOHUMANO) VALUES (335, 6, '524', 'PALESTINA', 3);
INSERT INTO CIUDAD (IDCIUDAD, IDDEPARTAMENTO, CODIGO, NOMBRE, IDINDICEDLLOHUMANO) VALUES (336, 6, '541', 'PENSILVANIA', 3);
INSERT INTO CIUDAD (IDCIUDAD, IDDEPARTAMENTO, CODIGO, NOMBRE, IDINDICEDLLOHUMANO) VALUES (337, 6, '614', 'RIOSUCIO', 3);
INSERT INTO CIUDAD (IDCIUDAD, IDDEPARTAMENTO, CODIGO, NOMBRE, IDINDICEDLLOHUMANO) VALUES (338, 6, '616', 'RISARALDA', 3);
INSERT INTO CIUDAD (IDCIUDAD, IDDEPARTAMENTO, CODIGO, NOMBRE, IDINDICEDLLOHUMANO) VALUES (339, 6, '653', 'SALAMINA', 3);
INSERT INTO CIUDAD (IDCIUDAD, IDDEPARTAMENTO, CODIGO, NOMBRE, IDINDICEDLLOHUMANO) VALUES (340, 6, '662', 'SAMANA', 3);
INSERT INTO CIUDAD (IDCIUDAD, IDDEPARTAMENTO, CODIGO, NOMBRE, IDINDICEDLLOHUMANO) VALUES (341, 6, '665', 'SAN JOSE', 3);
INSERT INTO CIUDAD (IDCIUDAD, IDDEPARTAMENTO, CODIGO, NOMBRE, IDINDICEDLLOHUMANO) VALUES (342, 6, '777', 'SUPIA', 3);
INSERT INTO CIUDAD (IDCIUDAD, IDDEPARTAMENTO, CODIGO, NOMBRE, IDINDICEDLLOHUMANO) VALUES (343, 6, '867', 'VICTORIA', 3);
INSERT INTO CIUDAD (IDCIUDAD, IDDEPARTAMENTO, CODIGO, NOMBRE, IDINDICEDLLOHUMANO) VALUES (344, 6, '873', 'VILLAMARIA', 3);
INSERT INTO CIUDAD (IDCIUDAD, IDDEPARTAMENTO, CODIGO, NOMBRE, IDINDICEDLLOHUMANO) VALUES (345, 6, '877', 'VITERBO', 3);
INSERT INTO CIUDAD (IDCIUDAD, IDDEPARTAMENTO, CODIGO, NOMBRE, IDINDICEDLLOHUMANO) VALUES (346, 7, '001', 'FLORENCIA', 3);
INSERT INTO CIUDAD (IDCIUDAD, IDDEPARTAMENTO, CODIGO, NOMBRE, IDINDICEDLLOHUMANO) VALUES (347, 7, '029', 'ALBANIA', 3);
INSERT INTO CIUDAD (IDCIUDAD, IDDEPARTAMENTO, CODIGO, NOMBRE, IDINDICEDLLOHUMANO) VALUES (348, 7, '094', 'BELEN DE LOS ANDAQUIES', 3);
INSERT INTO CIUDAD (IDCIUDAD, IDDEPARTAMENTO, CODIGO, NOMBRE, IDINDICEDLLOHUMANO) VALUES (349, 7, '150', 'CARTAGENA DEL CHAIRA', 3);
INSERT INTO CIUDAD (IDCIUDAD, IDDEPARTAMENTO, CODIGO, NOMBRE, IDINDICEDLLOHUMANO) VALUES (350, 7, '205', 'CURILLO', 3);
INSERT INTO CIUDAD (IDCIUDAD, IDDEPARTAMENTO, CODIGO, NOMBRE, IDINDICEDLLOHUMANO) VALUES (351, 7, '247', 'EL DONCELLO', 3);
INSERT INTO CIUDAD (IDCIUDAD, IDDEPARTAMENTO, CODIGO, NOMBRE, IDINDICEDLLOHUMANO) VALUES (352, 7, '256', 'EL PAUJIL', 3);
INSERT INTO CIUDAD (IDCIUDAD, IDDEPARTAMENTO, CODIGO, NOMBRE, IDINDICEDLLOHUMANO) VALUES (353, 7, '410', 'LA MONTAÑITA', 3);
INSERT INTO CIUDAD (IDCIUDAD, IDDEPARTAMENTO, CODIGO, NOMBRE, IDINDICEDLLOHUMANO) VALUES (354, 7, '460', 'MILAN', 3);
INSERT INTO CIUDAD (IDCIUDAD, IDDEPARTAMENTO, CODIGO, NOMBRE, IDINDICEDLLOHUMANO) VALUES (355, 7, '479', 'MORELIA', 3);
INSERT INTO CIUDAD (IDCIUDAD, IDDEPARTAMENTO, CODIGO, NOMBRE, IDINDICEDLLOHUMANO) VALUES (356, 7, '592', 'PUERTO RICO', 3);
INSERT INTO CIUDAD (IDCIUDAD, IDDEPARTAMENTO, CODIGO, NOMBRE, IDINDICEDLLOHUMANO) VALUES (357, 7, '610', 'SAN JOSE DEL FRAGUA', 3);
INSERT INTO CIUDAD (IDCIUDAD, IDDEPARTAMENTO, CODIGO, NOMBRE, IDINDICEDLLOHUMANO) VALUES (358, 7, '753', 'SAN VICENTE DEL CAGUAN', 3);
INSERT INTO CIUDAD (IDCIUDAD, IDDEPARTAMENTO, CODIGO, NOMBRE, IDINDICEDLLOHUMANO) VALUES (359, 7, '756', 'SOLANO', 3);
INSERT INTO CIUDAD (IDCIUDAD, IDDEPARTAMENTO, CODIGO, NOMBRE, IDINDICEDLLOHUMANO) VALUES (360, 7, '785', 'SOLITA', 3);
INSERT INTO CIUDAD (IDCIUDAD, IDDEPARTAMENTO, CODIGO, NOMBRE, IDINDICEDLLOHUMANO) VALUES (361, 7, '860', 'VALPARAISO', 3);
INSERT INTO CIUDAD (IDCIUDAD, IDDEPARTAMENTO, CODIGO, NOMBRE, IDINDICEDLLOHUMANO) VALUES (362, 8, '001', 'POPAYAN', 3);
INSERT INTO CIUDAD (IDCIUDAD, IDDEPARTAMENTO, CODIGO, NOMBRE, IDINDICEDLLOHUMANO) VALUES (363, 8, '022', 'ALMAGUER', 3);
INSERT INTO CIUDAD (IDCIUDAD, IDDEPARTAMENTO, CODIGO, NOMBRE, IDINDICEDLLOHUMANO) VALUES (364, 8, '050', 'ARGELIA', 3);
INSERT INTO CIUDAD (IDCIUDAD, IDDEPARTAMENTO, CODIGO, NOMBRE, IDINDICEDLLOHUMANO) VALUES (365, 8, '075', 'BALBOA', 3);
INSERT INTO CIUDAD (IDCIUDAD, IDDEPARTAMENTO, CODIGO, NOMBRE, IDINDICEDLLOHUMANO) VALUES (366, 8, '100', 'BOLIVAR', 3);
INSERT INTO CIUDAD (IDCIUDAD, IDDEPARTAMENTO, CODIGO, NOMBRE, IDINDICEDLLOHUMANO) VALUES (367, 8, '110', 'BUENOS AIRES', 3);
INSERT INTO CIUDAD (IDCIUDAD, IDDEPARTAMENTO, CODIGO, NOMBRE, IDINDICEDLLOHUMANO) VALUES (368, 8, '130', 'CAJIBIO', 3);
INSERT INTO CIUDAD (IDCIUDAD, IDDEPARTAMENTO, CODIGO, NOMBRE, IDINDICEDLLOHUMANO) VALUES (369, 8, '137', 'CALDONO', 3);
INSERT INTO CIUDAD (IDCIUDAD, IDDEPARTAMENTO, CODIGO, NOMBRE, IDINDICEDLLOHUMANO) VALUES (370, 8, '142', 'CALOTO', 3);
INSERT INTO CIUDAD (IDCIUDAD, IDDEPARTAMENTO, CODIGO, NOMBRE, IDINDICEDLLOHUMANO) VALUES (371, 8, '212', 'CORINTO', 3);
INSERT INTO CIUDAD (IDCIUDAD, IDDEPARTAMENTO, CODIGO, NOMBRE, IDINDICEDLLOHUMANO) VALUES (372, 8, '256', 'EL TAMBO', 3);
INSERT INTO CIUDAD (IDCIUDAD, IDDEPARTAMENTO, CODIGO, NOMBRE, IDINDICEDLLOHUMANO) VALUES (373, 8, '290', 'FLORENCIA', 3);
INSERT INTO CIUDAD (IDCIUDAD, IDDEPARTAMENTO, CODIGO, NOMBRE, IDINDICEDLLOHUMANO) VALUES (374, 8, '300', 'GUACHENE', 3);
INSERT INTO CIUDAD (IDCIUDAD, IDDEPARTAMENTO, CODIGO, NOMBRE, IDINDICEDLLOHUMANO) VALUES (375, 8, '318', 'GUAPI', 3);
INSERT INTO CIUDAD (IDCIUDAD, IDDEPARTAMENTO, CODIGO, NOMBRE, IDINDICEDLLOHUMANO) VALUES (376, 8, '355', 'INZA', 3);
INSERT INTO CIUDAD (IDCIUDAD, IDDEPARTAMENTO, CODIGO, NOMBRE, IDINDICEDLLOHUMANO) VALUES (377, 8, '364', 'JAMBALO', 3);
INSERT INTO CIUDAD (IDCIUDAD, IDDEPARTAMENTO, CODIGO, NOMBRE, IDINDICEDLLOHUMANO) VALUES (378, 8, '392', 'LA SIERRA', 3);
INSERT INTO CIUDAD (IDCIUDAD, IDDEPARTAMENTO, CODIGO, NOMBRE, IDINDICEDLLOHUMANO) VALUES (379, 8, '397', 'LA VEGA', 3);
INSERT INTO CIUDAD (IDCIUDAD, IDDEPARTAMENTO, CODIGO, NOMBRE, IDINDICEDLLOHUMANO) VALUES (380, 8, '418', 'LOPEZ', 3);
INSERT INTO CIUDAD (IDCIUDAD, IDDEPARTAMENTO, CODIGO, NOMBRE, IDINDICEDLLOHUMANO) VALUES (381, 8, '450', 'MERCADERES', 3);
INSERT INTO CIUDAD (IDCIUDAD, IDDEPARTAMENTO, CODIGO, NOMBRE, IDINDICEDLLOHUMANO) VALUES (382, 8, '455', 'MIRANDA', 3);
INSERT INTO CIUDAD (IDCIUDAD, IDDEPARTAMENTO, CODIGO, NOMBRE, IDINDICEDLLOHUMANO) VALUES (383, 8, '473', 'MORALES', 3);
INSERT INTO CIUDAD (IDCIUDAD, IDDEPARTAMENTO, CODIGO, NOMBRE, IDINDICEDLLOHUMANO) VALUES (384, 8, '513', 'PADILLA', 3);
INSERT INTO CIUDAD (IDCIUDAD, IDDEPARTAMENTO, CODIGO, NOMBRE, IDINDICEDLLOHUMANO) VALUES (385, 8, '517', 'PAEZ', 3);
INSERT INTO CIUDAD (IDCIUDAD, IDDEPARTAMENTO, CODIGO, NOMBRE, IDINDICEDLLOHUMANO) VALUES (386, 8, '532', 'PATIA', 3);
INSERT INTO CIUDAD (IDCIUDAD, IDDEPARTAMENTO, CODIGO, NOMBRE, IDINDICEDLLOHUMANO) VALUES (387, 8, '533', 'PIAMONTE', 3);
INSERT INTO CIUDAD (IDCIUDAD, IDDEPARTAMENTO, CODIGO, NOMBRE, IDINDICEDLLOHUMANO) VALUES (388, 8, '548', 'PIENDAMO', 3);
INSERT INTO CIUDAD (IDCIUDAD, IDDEPARTAMENTO, CODIGO, NOMBRE, IDINDICEDLLOHUMANO) VALUES (389, 8, '573', 'PUERTO TEJADA', 3);
INSERT INTO CIUDAD (IDCIUDAD, IDDEPARTAMENTO, CODIGO, NOMBRE, IDINDICEDLLOHUMANO) VALUES (390, 8, '585', 'PURACE', 3);
INSERT INTO CIUDAD (IDCIUDAD, IDDEPARTAMENTO, CODIGO, NOMBRE, IDINDICEDLLOHUMANO) VALUES (391, 8, '622', 'ROSAS', 3);
INSERT INTO CIUDAD (IDCIUDAD, IDDEPARTAMENTO, CODIGO, NOMBRE, IDINDICEDLLOHUMANO) VALUES (392, 8, '693', 'SAN SEBASTIAN', 3);
INSERT INTO CIUDAD (IDCIUDAD, IDDEPARTAMENTO, CODIGO, NOMBRE, IDINDICEDLLOHUMANO) VALUES (393, 8, '698', 'SANTANDER DE QUILICHAO', 3);
INSERT INTO CIUDAD (IDCIUDAD, IDDEPARTAMENTO, CODIGO, NOMBRE, IDINDICEDLLOHUMANO) VALUES (394, 8, '701', 'SANTA ROSA', 3);
INSERT INTO CIUDAD (IDCIUDAD, IDDEPARTAMENTO, CODIGO, NOMBRE, IDINDICEDLLOHUMANO) VALUES (395, 8, '743', 'SILVIA', 3);
INSERT INTO CIUDAD (IDCIUDAD, IDDEPARTAMENTO, CODIGO, NOMBRE, IDINDICEDLLOHUMANO) VALUES (396, 8, '760', 'SOTARA', 3);
INSERT INTO CIUDAD (IDCIUDAD, IDDEPARTAMENTO, CODIGO, NOMBRE, IDINDICEDLLOHUMANO) VALUES (397, 8, '780', 'SUAREZ', 3);
INSERT INTO CIUDAD (IDCIUDAD, IDDEPARTAMENTO, CODIGO, NOMBRE, IDINDICEDLLOHUMANO) VALUES (398, 8, '785', 'SUCRE', 3);
INSERT INTO CIUDAD (IDCIUDAD, IDDEPARTAMENTO, CODIGO, NOMBRE, IDINDICEDLLOHUMANO) VALUES (399, 8, '807', 'TIMBIO', 3);
INSERT INTO CIUDAD (IDCIUDAD, IDDEPARTAMENTO, CODIGO, NOMBRE, IDINDICEDLLOHUMANO) VALUES (400, 8, '809', 'TIMBIQUI', 3);
INSERT INTO CIUDAD (IDCIUDAD, IDDEPARTAMENTO, CODIGO, NOMBRE, IDINDICEDLLOHUMANO) VALUES (401, 8, '821', 'TORIBIO', 3);
INSERT INTO CIUDAD (IDCIUDAD, IDDEPARTAMENTO, CODIGO, NOMBRE, IDINDICEDLLOHUMANO) VALUES (402, 8, '824', 'TOTORO', 3);
INSERT INTO CIUDAD (IDCIUDAD, IDDEPARTAMENTO, CODIGO, NOMBRE, IDINDICEDLLOHUMANO) VALUES (403, 8, '845', 'VILLA RICA', 3);
INSERT INTO CIUDAD (IDCIUDAD, IDDEPARTAMENTO, CODIGO, NOMBRE, IDINDICEDLLOHUMANO) VALUES (404, 9, '001', 'VALLEDUPAR', 3);
INSERT INTO CIUDAD (IDCIUDAD, IDDEPARTAMENTO, CODIGO, NOMBRE, IDINDICEDLLOHUMANO) VALUES (405, 9, '011', 'AGUACHICA', 3);
INSERT INTO CIUDAD (IDCIUDAD, IDDEPARTAMENTO, CODIGO, NOMBRE, IDINDICEDLLOHUMANO) VALUES (406, 9, '013', 'AGUSTIN CODAZZI', 3);
INSERT INTO CIUDAD (IDCIUDAD, IDDEPARTAMENTO, CODIGO, NOMBRE, IDINDICEDLLOHUMANO) VALUES (407, 9, '032', 'ASTREA', 3);
INSERT INTO CIUDAD (IDCIUDAD, IDDEPARTAMENTO, CODIGO, NOMBRE, IDINDICEDLLOHUMANO) VALUES (408, 9, '045', 'BECERRIL', 3);
INSERT INTO CIUDAD (IDCIUDAD, IDDEPARTAMENTO, CODIGO, NOMBRE, IDINDICEDLLOHUMANO) VALUES (409, 9, '060', 'BOSCONIA', 3);
INSERT INTO CIUDAD (IDCIUDAD, IDDEPARTAMENTO, CODIGO, NOMBRE, IDINDICEDLLOHUMANO) VALUES (410, 9, '175', 'CHIMICHAGUA', 3);
INSERT INTO CIUDAD (IDCIUDAD, IDDEPARTAMENTO, CODIGO, NOMBRE, IDINDICEDLLOHUMANO) VALUES (411, 9, '178', 'CHIRIGUANA', 3);
INSERT INTO CIUDAD (IDCIUDAD, IDDEPARTAMENTO, CODIGO, NOMBRE, IDINDICEDLLOHUMANO) VALUES (412, 9, '228', 'CURUMANI', 3);
INSERT INTO CIUDAD (IDCIUDAD, IDDEPARTAMENTO, CODIGO, NOMBRE, IDINDICEDLLOHUMANO) VALUES (413, 9, '238', 'EL COPEY', 3);
INSERT INTO CIUDAD (IDCIUDAD, IDDEPARTAMENTO, CODIGO, NOMBRE, IDINDICEDLLOHUMANO) VALUES (414, 9, '250', 'EL PASO', 3);
INSERT INTO CIUDAD (IDCIUDAD, IDDEPARTAMENTO, CODIGO, NOMBRE, IDINDICEDLLOHUMANO) VALUES (415, 9, '295', 'GAMARRA', 3);
INSERT INTO CIUDAD (IDCIUDAD, IDDEPARTAMENTO, CODIGO, NOMBRE, IDINDICEDLLOHUMANO) VALUES (416, 9, '310', 'GONZALEZ', 3);
INSERT INTO CIUDAD (IDCIUDAD, IDDEPARTAMENTO, CODIGO, NOMBRE, IDINDICEDLLOHUMANO) VALUES (417, 9, '383', 'LA GLORIA', 3);
INSERT INTO CIUDAD (IDCIUDAD, IDDEPARTAMENTO, CODIGO, NOMBRE, IDINDICEDLLOHUMANO) VALUES (418, 9, '400', 'LA JAGUA DE IBIRICO', 3);
INSERT INTO CIUDAD (IDCIUDAD, IDDEPARTAMENTO, CODIGO, NOMBRE, IDINDICEDLLOHUMANO) VALUES (419, 9, '443', 'MANAURE', 3);
INSERT INTO CIUDAD (IDCIUDAD, IDDEPARTAMENTO, CODIGO, NOMBRE, IDINDICEDLLOHUMANO) VALUES (420, 9, '517', 'PAILITAS', 3);
INSERT INTO CIUDAD (IDCIUDAD, IDDEPARTAMENTO, CODIGO, NOMBRE, IDINDICEDLLOHUMANO) VALUES (421, 9, '550', 'PELAYA', 3);
INSERT INTO CIUDAD (IDCIUDAD, IDDEPARTAMENTO, CODIGO, NOMBRE, IDINDICEDLLOHUMANO) VALUES (422, 9, '570', 'PUEBLO BELLO', 3);
INSERT INTO CIUDAD (IDCIUDAD, IDDEPARTAMENTO, CODIGO, NOMBRE, IDINDICEDLLOHUMANO) VALUES (423, 9, '614', 'RIO DE ORO', 3);
INSERT INTO CIUDAD (IDCIUDAD, IDDEPARTAMENTO, CODIGO, NOMBRE, IDINDICEDLLOHUMANO) VALUES (424, 9, '621', 'LA PAZ', 3);
INSERT INTO CIUDAD (IDCIUDAD, IDDEPARTAMENTO, CODIGO, NOMBRE, IDINDICEDLLOHUMANO) VALUES (425, 9, '710', 'SAN ALBERTO', 3);
INSERT INTO CIUDAD (IDCIUDAD, IDDEPARTAMENTO, CODIGO, NOMBRE, IDINDICEDLLOHUMANO) VALUES (426, 9, '750', 'SAN DIEGO', 3);
INSERT INTO CIUDAD (IDCIUDAD, IDDEPARTAMENTO, CODIGO, NOMBRE, IDINDICEDLLOHUMANO) VALUES (427, 9, '770', 'SAN MARTIN', 3);
INSERT INTO CIUDAD (IDCIUDAD, IDDEPARTAMENTO, CODIGO, NOMBRE, IDINDICEDLLOHUMANO) VALUES (428, 9, '787', 'TAMALAMEQUE', 3);
INSERT INTO CIUDAD (IDCIUDAD, IDDEPARTAMENTO, CODIGO, NOMBRE, IDINDICEDLLOHUMANO) VALUES (429, 10, '001', 'MONTERIA', 3);
INSERT INTO CIUDAD (IDCIUDAD, IDDEPARTAMENTO, CODIGO, NOMBRE, IDINDICEDLLOHUMANO) VALUES (430, 10, '068', 'AYAPEL', 3);
INSERT INTO CIUDAD (IDCIUDAD, IDDEPARTAMENTO, CODIGO, NOMBRE, IDINDICEDLLOHUMANO) VALUES (431, 10, '079', 'BUENAVISTA', 3);
INSERT INTO CIUDAD (IDCIUDAD, IDDEPARTAMENTO, CODIGO, NOMBRE, IDINDICEDLLOHUMANO) VALUES (432, 10, '090', 'CANALETE', 3);
INSERT INTO CIUDAD (IDCIUDAD, IDDEPARTAMENTO, CODIGO, NOMBRE, IDINDICEDLLOHUMANO) VALUES (433, 10, '162', 'CERETE', 3);
INSERT INTO CIUDAD (IDCIUDAD, IDDEPARTAMENTO, CODIGO, NOMBRE, IDINDICEDLLOHUMANO) VALUES (434, 10, '168', 'CHIMA', 3);
INSERT INTO CIUDAD (IDCIUDAD, IDDEPARTAMENTO, CODIGO, NOMBRE, IDINDICEDLLOHUMANO) VALUES (435, 10, '182', 'CHINU', 3);
INSERT INTO CIUDAD (IDCIUDAD, IDDEPARTAMENTO, CODIGO, NOMBRE, IDINDICEDLLOHUMANO) VALUES (436, 10, '189', 'CIENAGA DE ORO', 3);
INSERT INTO CIUDAD (IDCIUDAD, IDDEPARTAMENTO, CODIGO, NOMBRE, IDINDICEDLLOHUMANO) VALUES (437, 10, '300', 'COTORRA', 3);
INSERT INTO CIUDAD (IDCIUDAD, IDDEPARTAMENTO, CODIGO, NOMBRE, IDINDICEDLLOHUMANO) VALUES (438, 10, '350', 'LA APARTADA', 3);
INSERT INTO CIUDAD (IDCIUDAD, IDDEPARTAMENTO, CODIGO, NOMBRE, IDINDICEDLLOHUMANO) VALUES (439, 10, '417', 'LORICA', 3);
INSERT INTO CIUDAD (IDCIUDAD, IDDEPARTAMENTO, CODIGO, NOMBRE, IDINDICEDLLOHUMANO) VALUES (440, 10, '419', 'LOS CORDOBAS', 3);
INSERT INTO CIUDAD (IDCIUDAD, IDDEPARTAMENTO, CODIGO, NOMBRE, IDINDICEDLLOHUMANO) VALUES (441, 10, '464', 'MOMIL', 3);
INSERT INTO CIUDAD (IDCIUDAD, IDDEPARTAMENTO, CODIGO, NOMBRE, IDINDICEDLLOHUMANO) VALUES (442, 10, '466', 'MONTELIBANO', 3);
INSERT INTO CIUDAD (IDCIUDAD, IDDEPARTAMENTO, CODIGO, NOMBRE, IDINDICEDLLOHUMANO) VALUES (443, 10, '500', 'MOÑITOS', 3);
INSERT INTO CIUDAD (IDCIUDAD, IDDEPARTAMENTO, CODIGO, NOMBRE, IDINDICEDLLOHUMANO) VALUES (444, 10, '555', 'PLANETA RICA', 3);
INSERT INTO CIUDAD (IDCIUDAD, IDDEPARTAMENTO, CODIGO, NOMBRE, IDINDICEDLLOHUMANO) VALUES (445, 10, '570', 'PUEBLO NUEVO', 3);
INSERT INTO CIUDAD (IDCIUDAD, IDDEPARTAMENTO, CODIGO, NOMBRE, IDINDICEDLLOHUMANO) VALUES (446, 10, '574', 'PUERTO ESCONDIDO', 3);
INSERT INTO CIUDAD (IDCIUDAD, IDDEPARTAMENTO, CODIGO, NOMBRE, IDINDICEDLLOHUMANO) VALUES (447, 10, '580', 'PUERTO LIBERTADOR', 3);
INSERT INTO CIUDAD (IDCIUDAD, IDDEPARTAMENTO, CODIGO, NOMBRE, IDINDICEDLLOHUMANO) VALUES (448, 10, '586', 'PURISIMA', 3);
INSERT INTO CIUDAD (IDCIUDAD, IDDEPARTAMENTO, CODIGO, NOMBRE, IDINDICEDLLOHUMANO) VALUES (449, 10, '660', 'SAHAGUN', 3);
INSERT INTO CIUDAD (IDCIUDAD, IDDEPARTAMENTO, CODIGO, NOMBRE, IDINDICEDLLOHUMANO) VALUES (450, 10, '670', 'SAN ANDRES SOTAVENTO', 3);
INSERT INTO CIUDAD (IDCIUDAD, IDDEPARTAMENTO, CODIGO, NOMBRE, IDINDICEDLLOHUMANO) VALUES (451, 10, '672', 'SAN ANTERO', 3);
INSERT INTO CIUDAD (IDCIUDAD, IDDEPARTAMENTO, CODIGO, NOMBRE, IDINDICEDLLOHUMANO) VALUES (452, 10, '675', 'SAN BERNARDO DEL VIENTO', 3);
INSERT INTO CIUDAD (IDCIUDAD, IDDEPARTAMENTO, CODIGO, NOMBRE, IDINDICEDLLOHUMANO) VALUES (453, 10, '678', 'SAN CARLOS', 3);
INSERT INTO CIUDAD (IDCIUDAD, IDDEPARTAMENTO, CODIGO, NOMBRE, IDINDICEDLLOHUMANO) VALUES (454, 10, '686', 'SAN PELAYO', 3);
INSERT INTO CIUDAD (IDCIUDAD, IDDEPARTAMENTO, CODIGO, NOMBRE, IDINDICEDLLOHUMANO) VALUES (455, 10, '807', 'TIERRALTA', 3);
INSERT INTO CIUDAD (IDCIUDAD, IDDEPARTAMENTO, CODIGO, NOMBRE, IDINDICEDLLOHUMANO) VALUES (456, 10, '855', 'VALENCIA', 3);
INSERT INTO CIUDAD (IDCIUDAD, IDDEPARTAMENTO, CODIGO, NOMBRE, IDINDICEDLLOHUMANO) VALUES (457, 11, '001', 'AGUA DE DIOS', 3);
INSERT INTO CIUDAD (IDCIUDAD, IDDEPARTAMENTO, CODIGO, NOMBRE, IDINDICEDLLOHUMANO) VALUES (458, 11, '019', 'ALBAN', 3);
INSERT INTO CIUDAD (IDCIUDAD, IDDEPARTAMENTO, CODIGO, NOMBRE, IDINDICEDLLOHUMANO) VALUES (459, 11, '035', 'ANAPOIMA', 3);
INSERT INTO CIUDAD (IDCIUDAD, IDDEPARTAMENTO, CODIGO, NOMBRE, IDINDICEDLLOHUMANO) VALUES (460, 11, '040', 'ANOLAIMA', 3);
INSERT INTO CIUDAD (IDCIUDAD, IDDEPARTAMENTO, CODIGO, NOMBRE, IDINDICEDLLOHUMANO) VALUES (461, 11, '053', 'ARBELAEZ', 3);
INSERT INTO CIUDAD (IDCIUDAD, IDDEPARTAMENTO, CODIGO, NOMBRE, IDINDICEDLLOHUMANO) VALUES (462, 11, '086', 'BELTRAN', 3);
INSERT INTO CIUDAD (IDCIUDAD, IDDEPARTAMENTO, CODIGO, NOMBRE, IDINDICEDLLOHUMANO) VALUES (463, 11, '095', 'BITUIMA', 3);
INSERT INTO CIUDAD (IDCIUDAD, IDDEPARTAMENTO, CODIGO, NOMBRE, IDINDICEDLLOHUMANO) VALUES (464, 11, '099', 'BOJACA', 3);
INSERT INTO CIUDAD (IDCIUDAD, IDDEPARTAMENTO, CODIGO, NOMBRE, IDINDICEDLLOHUMANO) VALUES (465, 11, '120', 'CABRERA', 3);
INSERT INTO CIUDAD (IDCIUDAD, IDDEPARTAMENTO, CODIGO, NOMBRE, IDINDICEDLLOHUMANO) VALUES (466, 11, '123', 'CACHIPAY', 3);
INSERT INTO CIUDAD (IDCIUDAD, IDDEPARTAMENTO, CODIGO, NOMBRE, IDINDICEDLLOHUMANO) VALUES (467, 11, '126', 'CAJICA', 3);
INSERT INTO CIUDAD (IDCIUDAD, IDDEPARTAMENTO, CODIGO, NOMBRE, IDINDICEDLLOHUMANO) VALUES (468, 11, '148', 'CAPARRAPI', 3);
INSERT INTO CIUDAD (IDCIUDAD, IDDEPARTAMENTO, CODIGO, NOMBRE, IDINDICEDLLOHUMANO) VALUES (469, 11, '151', 'CAQUEZA', 3);
INSERT INTO CIUDAD (IDCIUDAD, IDDEPARTAMENTO, CODIGO, NOMBRE, IDINDICEDLLOHUMANO) VALUES (470, 11, '154', 'CARMEN DE CARUPA', 3);
INSERT INTO CIUDAD (IDCIUDAD, IDDEPARTAMENTO, CODIGO, NOMBRE, IDINDICEDLLOHUMANO) VALUES (471, 11, '168', 'CHAGUANI', 3);
INSERT INTO CIUDAD (IDCIUDAD, IDDEPARTAMENTO, CODIGO, NOMBRE, IDINDICEDLLOHUMANO) VALUES (472, 11, '175', 'CHIA', 3);
INSERT INTO CIUDAD (IDCIUDAD, IDDEPARTAMENTO, CODIGO, NOMBRE, IDINDICEDLLOHUMANO) VALUES (473, 11, '178', 'CHIPAQUE', 3);
INSERT INTO CIUDAD (IDCIUDAD, IDDEPARTAMENTO, CODIGO, NOMBRE, IDINDICEDLLOHUMANO) VALUES (474, 11, '181', 'CHOACHI', 3);
INSERT INTO CIUDAD (IDCIUDAD, IDDEPARTAMENTO, CODIGO, NOMBRE, IDINDICEDLLOHUMANO) VALUES (475, 11, '183', 'CHOCONTA', 3);
INSERT INTO CIUDAD (IDCIUDAD, IDDEPARTAMENTO, CODIGO, NOMBRE, IDINDICEDLLOHUMANO) VALUES (476, 11, '200', 'COGUA', 3);
INSERT INTO CIUDAD (IDCIUDAD, IDDEPARTAMENTO, CODIGO, NOMBRE, IDINDICEDLLOHUMANO) VALUES (477, 11, '214', 'COTA', 3);
INSERT INTO CIUDAD (IDCIUDAD, IDDEPARTAMENTO, CODIGO, NOMBRE, IDINDICEDLLOHUMANO) VALUES (478, 11, '224', 'CUCUNUBA', 3);
INSERT INTO CIUDAD (IDCIUDAD, IDDEPARTAMENTO, CODIGO, NOMBRE, IDINDICEDLLOHUMANO) VALUES (479, 11, '245', 'EL COLEGIO', 3);
INSERT INTO CIUDAD (IDCIUDAD, IDDEPARTAMENTO, CODIGO, NOMBRE, IDINDICEDLLOHUMANO) VALUES (480, 11, '258', 'EL PEÑON', 3);
INSERT INTO CIUDAD (IDCIUDAD, IDDEPARTAMENTO, CODIGO, NOMBRE, IDINDICEDLLOHUMANO) VALUES (481, 11, '260', 'EL ROSAL', 3);
INSERT INTO CIUDAD (IDCIUDAD, IDDEPARTAMENTO, CODIGO, NOMBRE, IDINDICEDLLOHUMANO) VALUES (482, 11, '269', 'FACATATIVA', 3);
INSERT INTO CIUDAD (IDCIUDAD, IDDEPARTAMENTO, CODIGO, NOMBRE, IDINDICEDLLOHUMANO) VALUES (483, 11, '279', 'FOMEQUE', 3);
INSERT INTO CIUDAD (IDCIUDAD, IDDEPARTAMENTO, CODIGO, NOMBRE, IDINDICEDLLOHUMANO) VALUES (484, 11, '281', 'FOSCA', 3);
INSERT INTO CIUDAD (IDCIUDAD, IDDEPARTAMENTO, CODIGO, NOMBRE, IDINDICEDLLOHUMANO) VALUES (485, 11, '286', 'FUNZA', 3);
INSERT INTO CIUDAD (IDCIUDAD, IDDEPARTAMENTO, CODIGO, NOMBRE, IDINDICEDLLOHUMANO) VALUES (486, 11, '288', 'FUQUENE', 3);
INSERT INTO CIUDAD (IDCIUDAD, IDDEPARTAMENTO, CODIGO, NOMBRE, IDINDICEDLLOHUMANO) VALUES (487, 11, '290', 'FUSAGASUGA', 3);
INSERT INTO CIUDAD (IDCIUDAD, IDDEPARTAMENTO, CODIGO, NOMBRE, IDINDICEDLLOHUMANO) VALUES (488, 11, '293', 'GACHALA', 3);
INSERT INTO CIUDAD (IDCIUDAD, IDDEPARTAMENTO, CODIGO, NOMBRE, IDINDICEDLLOHUMANO) VALUES (489, 11, '295', 'GACHANCIPA', 3);
INSERT INTO CIUDAD (IDCIUDAD, IDDEPARTAMENTO, CODIGO, NOMBRE, IDINDICEDLLOHUMANO) VALUES (490, 11, '297', 'GACHETA', 3);
INSERT INTO CIUDAD (IDCIUDAD, IDDEPARTAMENTO, CODIGO, NOMBRE, IDINDICEDLLOHUMANO) VALUES (491, 11, '299', 'GAMA', 3);
INSERT INTO CIUDAD (IDCIUDAD, IDDEPARTAMENTO, CODIGO, NOMBRE, IDINDICEDLLOHUMANO) VALUES (492, 11, '307', 'GIRARDOT', 3);
INSERT INTO CIUDAD (IDCIUDAD, IDDEPARTAMENTO, CODIGO, NOMBRE, IDINDICEDLLOHUMANO) VALUES (493, 11, '312', 'GRANADA', 3);
INSERT INTO CIUDAD (IDCIUDAD, IDDEPARTAMENTO, CODIGO, NOMBRE, IDINDICEDLLOHUMANO) VALUES (494, 11, '317', 'GUACHETA', 3);
INSERT INTO CIUDAD (IDCIUDAD, IDDEPARTAMENTO, CODIGO, NOMBRE, IDINDICEDLLOHUMANO) VALUES (495, 11, '320', 'GUADUAS', 3);
INSERT INTO CIUDAD (IDCIUDAD, IDDEPARTAMENTO, CODIGO, NOMBRE, IDINDICEDLLOHUMANO) VALUES (496, 11, '322', 'GUASCA', 3);
INSERT INTO CIUDAD (IDCIUDAD, IDDEPARTAMENTO, CODIGO, NOMBRE, IDINDICEDLLOHUMANO) VALUES (497, 11, '324', 'GUATAQUI', 3);
INSERT INTO CIUDAD (IDCIUDAD, IDDEPARTAMENTO, CODIGO, NOMBRE, IDINDICEDLLOHUMANO) VALUES (498, 11, '326', 'GUATAVITA', 3);
INSERT INTO CIUDAD (IDCIUDAD, IDDEPARTAMENTO, CODIGO, NOMBRE, IDINDICEDLLOHUMANO) VALUES (499, 11, '328', 'GUAYABAL DE SIQUIMA', 3);
INSERT INTO CIUDAD (IDCIUDAD, IDDEPARTAMENTO, CODIGO, NOMBRE, IDINDICEDLLOHUMANO) VALUES (500, 11, '335', 'GUAYABETAL', 3);
INSERT INTO CIUDAD (IDCIUDAD, IDDEPARTAMENTO, CODIGO, NOMBRE, IDINDICEDLLOHUMANO) VALUES (501, 11, '339', 'GUTIERREZ', 3);
INSERT INTO CIUDAD (IDCIUDAD, IDDEPARTAMENTO, CODIGO, NOMBRE, IDINDICEDLLOHUMANO) VALUES (502, 11, '368', 'JERUSALEN', 3);
INSERT INTO CIUDAD (IDCIUDAD, IDDEPARTAMENTO, CODIGO, NOMBRE, IDINDICEDLLOHUMANO) VALUES (503, 11, '372', 'JUNIN', 3);
INSERT INTO CIUDAD (IDCIUDAD, IDDEPARTAMENTO, CODIGO, NOMBRE, IDINDICEDLLOHUMANO) VALUES (504, 11, '377', 'LA CALERA', 3);
INSERT INTO CIUDAD (IDCIUDAD, IDDEPARTAMENTO, CODIGO, NOMBRE, IDINDICEDLLOHUMANO) VALUES (505, 11, '386', 'LA MESA', 3);
INSERT INTO CIUDAD (IDCIUDAD, IDDEPARTAMENTO, CODIGO, NOMBRE, IDINDICEDLLOHUMANO) VALUES (506, 11, '394', 'LA PALMA', 3);
INSERT INTO CIUDAD (IDCIUDAD, IDDEPARTAMENTO, CODIGO, NOMBRE, IDINDICEDLLOHUMANO) VALUES (507, 11, '398', 'LA PEÑA', 3);
INSERT INTO CIUDAD (IDCIUDAD, IDDEPARTAMENTO, CODIGO, NOMBRE, IDINDICEDLLOHUMANO) VALUES (508, 11, '402', 'LA VEGA', 3);
INSERT INTO CIUDAD (IDCIUDAD, IDDEPARTAMENTO, CODIGO, NOMBRE, IDINDICEDLLOHUMANO) VALUES (509, 11, '407', 'LENGUAZAQUE', 3);
INSERT INTO CIUDAD (IDCIUDAD, IDDEPARTAMENTO, CODIGO, NOMBRE, IDINDICEDLLOHUMANO) VALUES (510, 11, '426', 'MACHETA', 3);
INSERT INTO CIUDAD (IDCIUDAD, IDDEPARTAMENTO, CODIGO, NOMBRE, IDINDICEDLLOHUMANO) VALUES (511, 11, '430', 'MADRID', 3);
INSERT INTO CIUDAD (IDCIUDAD, IDDEPARTAMENTO, CODIGO, NOMBRE, IDINDICEDLLOHUMANO) VALUES (512, 11, '436', 'MANTA', 3);
INSERT INTO CIUDAD (IDCIUDAD, IDDEPARTAMENTO, CODIGO, NOMBRE, IDINDICEDLLOHUMANO) VALUES (513, 11, '438', 'MEDINA', 3);
INSERT INTO CIUDAD (IDCIUDAD, IDDEPARTAMENTO, CODIGO, NOMBRE, IDINDICEDLLOHUMANO) VALUES (514, 11, '473', 'MOSQUERA', 3);
INSERT INTO CIUDAD (IDCIUDAD, IDDEPARTAMENTO, CODIGO, NOMBRE, IDINDICEDLLOHUMANO) VALUES (515, 11, '483', 'NARIÑO', 3);
INSERT INTO CIUDAD (IDCIUDAD, IDDEPARTAMENTO, CODIGO, NOMBRE, IDINDICEDLLOHUMANO) VALUES (516, 11, '486', 'NEMOCON', 3);
INSERT INTO CIUDAD (IDCIUDAD, IDDEPARTAMENTO, CODIGO, NOMBRE, IDINDICEDLLOHUMANO) VALUES (517, 11, '488', 'NILO', 3);
INSERT INTO CIUDAD (IDCIUDAD, IDDEPARTAMENTO, CODIGO, NOMBRE, IDINDICEDLLOHUMANO) VALUES (518, 11, '489', 'NIMAIMA', 3);
INSERT INTO CIUDAD (IDCIUDAD, IDDEPARTAMENTO, CODIGO, NOMBRE, IDINDICEDLLOHUMANO) VALUES (519, 11, '491', 'NOCAIMA', 3);
INSERT INTO CIUDAD (IDCIUDAD, IDDEPARTAMENTO, CODIGO, NOMBRE, IDINDICEDLLOHUMANO) VALUES (520, 11, '506', 'VENECIA', 3);
INSERT INTO CIUDAD (IDCIUDAD, IDDEPARTAMENTO, CODIGO, NOMBRE, IDINDICEDLLOHUMANO) VALUES (521, 11, '513', 'PACHO', 3);
INSERT INTO CIUDAD (IDCIUDAD, IDDEPARTAMENTO, CODIGO, NOMBRE, IDINDICEDLLOHUMANO) VALUES (522, 11, '518', 'PAIME', 3);
INSERT INTO CIUDAD (IDCIUDAD, IDDEPARTAMENTO, CODIGO, NOMBRE, IDINDICEDLLOHUMANO) VALUES (523, 11, '524', 'PANDI', 3);
INSERT INTO CIUDAD (IDCIUDAD, IDDEPARTAMENTO, CODIGO, NOMBRE, IDINDICEDLLOHUMANO) VALUES (524, 11, '530', 'PARATEBUENO', 3);
INSERT INTO CIUDAD (IDCIUDAD, IDDEPARTAMENTO, CODIGO, NOMBRE, IDINDICEDLLOHUMANO) VALUES (525, 11, '535', 'PASCA', 3);
INSERT INTO CIUDAD (IDCIUDAD, IDDEPARTAMENTO, CODIGO, NOMBRE, IDINDICEDLLOHUMANO) VALUES (526, 11, '572', 'PUERTO SALGAR', 3);
INSERT INTO CIUDAD (IDCIUDAD, IDDEPARTAMENTO, CODIGO, NOMBRE, IDINDICEDLLOHUMANO) VALUES (527, 11, '580', 'PULI', 3);
INSERT INTO CIUDAD (IDCIUDAD, IDDEPARTAMENTO, CODIGO, NOMBRE, IDINDICEDLLOHUMANO) VALUES (528, 11, '592', 'QUEBRADANEGRA', 3);
INSERT INTO CIUDAD (IDCIUDAD, IDDEPARTAMENTO, CODIGO, NOMBRE, IDINDICEDLLOHUMANO) VALUES (529, 11, '594', 'QUETAME', 3);
INSERT INTO CIUDAD (IDCIUDAD, IDDEPARTAMENTO, CODIGO, NOMBRE, IDINDICEDLLOHUMANO) VALUES (530, 11, '596', 'QUIPILE', 3);
INSERT INTO CIUDAD (IDCIUDAD, IDDEPARTAMENTO, CODIGO, NOMBRE, IDINDICEDLLOHUMANO) VALUES (531, 11, '599', 'APULO', 3);
INSERT INTO CIUDAD (IDCIUDAD, IDDEPARTAMENTO, CODIGO, NOMBRE, IDINDICEDLLOHUMANO) VALUES (532, 11, '612', 'RICAURTE', 3);
INSERT INTO CIUDAD (IDCIUDAD, IDDEPARTAMENTO, CODIGO, NOMBRE, IDINDICEDLLOHUMANO) VALUES (533, 11, '645', 'SAN ANTONIO DEL TEQUENDAMA', 3);
INSERT INTO CIUDAD (IDCIUDAD, IDDEPARTAMENTO, CODIGO, NOMBRE, IDINDICEDLLOHUMANO) VALUES (534, 11, '649', 'SAN BERNARDO', 3);
INSERT INTO CIUDAD (IDCIUDAD, IDDEPARTAMENTO, CODIGO, NOMBRE, IDINDICEDLLOHUMANO) VALUES (535, 11, '653', 'SAN CAYETANO', 3);
INSERT INTO CIUDAD (IDCIUDAD, IDDEPARTAMENTO, CODIGO, NOMBRE, IDINDICEDLLOHUMANO) VALUES (536, 11, '658', 'SAN FRANCISCO', 3);
INSERT INTO CIUDAD (IDCIUDAD, IDDEPARTAMENTO, CODIGO, NOMBRE, IDINDICEDLLOHUMANO) VALUES (537, 11, '662', 'SAN JUAN DE RIO SECO', 3);
INSERT INTO CIUDAD (IDCIUDAD, IDDEPARTAMENTO, CODIGO, NOMBRE, IDINDICEDLLOHUMANO) VALUES (538, 11, '718', 'SASAIMA', 3);
INSERT INTO CIUDAD (IDCIUDAD, IDDEPARTAMENTO, CODIGO, NOMBRE, IDINDICEDLLOHUMANO) VALUES (539, 11, '736', 'SESQUILE', 3);
INSERT INTO CIUDAD (IDCIUDAD, IDDEPARTAMENTO, CODIGO, NOMBRE, IDINDICEDLLOHUMANO) VALUES (540, 11, '740', 'SIBATE', 3);
INSERT INTO CIUDAD (IDCIUDAD, IDDEPARTAMENTO, CODIGO, NOMBRE, IDINDICEDLLOHUMANO) VALUES (541, 11, '743', 'SILVANIA', 3);
INSERT INTO CIUDAD (IDCIUDAD, IDDEPARTAMENTO, CODIGO, NOMBRE, IDINDICEDLLOHUMANO) VALUES (542, 11, '745', 'SIMIJACA', 3);
INSERT INTO CIUDAD (IDCIUDAD, IDDEPARTAMENTO, CODIGO, NOMBRE, IDINDICEDLLOHUMANO) VALUES (543, 11, '754', 'SOACHA', 3);
INSERT INTO CIUDAD (IDCIUDAD, IDDEPARTAMENTO, CODIGO, NOMBRE, IDINDICEDLLOHUMANO) VALUES (544, 11, '758', 'SOPO', 3);
INSERT INTO CIUDAD (IDCIUDAD, IDDEPARTAMENTO, CODIGO, NOMBRE, IDINDICEDLLOHUMANO) VALUES (545, 11, '769', 'SUBACHOQUE', 3);
INSERT INTO CIUDAD (IDCIUDAD, IDDEPARTAMENTO, CODIGO, NOMBRE, IDINDICEDLLOHUMANO) VALUES (546, 11, '772', 'SUESCA', 3);
INSERT INTO CIUDAD (IDCIUDAD, IDDEPARTAMENTO, CODIGO, NOMBRE, IDINDICEDLLOHUMANO) VALUES (547, 11, '777', 'SUPATA', 3);
INSERT INTO CIUDAD (IDCIUDAD, IDDEPARTAMENTO, CODIGO, NOMBRE, IDINDICEDLLOHUMANO) VALUES (548, 11, '779', 'SUSA', 3);
INSERT INTO CIUDAD (IDCIUDAD, IDDEPARTAMENTO, CODIGO, NOMBRE, IDINDICEDLLOHUMANO) VALUES (549, 11, '781', 'SUTATAUSA', 3);
INSERT INTO CIUDAD (IDCIUDAD, IDDEPARTAMENTO, CODIGO, NOMBRE, IDINDICEDLLOHUMANO) VALUES (550, 11, '785', 'TABIO', 3);
INSERT INTO CIUDAD (IDCIUDAD, IDDEPARTAMENTO, CODIGO, NOMBRE, IDINDICEDLLOHUMANO) VALUES (551, 11, '793', 'TAUSA', 3);
INSERT INTO CIUDAD (IDCIUDAD, IDDEPARTAMENTO, CODIGO, NOMBRE, IDINDICEDLLOHUMANO) VALUES (552, 11, '797', 'TENA', 3);
INSERT INTO CIUDAD (IDCIUDAD, IDDEPARTAMENTO, CODIGO, NOMBRE, IDINDICEDLLOHUMANO) VALUES (553, 11, '799', 'TENJO', 3);
INSERT INTO CIUDAD (IDCIUDAD, IDDEPARTAMENTO, CODIGO, NOMBRE, IDINDICEDLLOHUMANO) VALUES (554, 11, '805', 'TIBACUY', 3);
INSERT INTO CIUDAD (IDCIUDAD, IDDEPARTAMENTO, CODIGO, NOMBRE, IDINDICEDLLOHUMANO) VALUES (555, 11, '807', 'TIBIRITA', 3);
INSERT INTO CIUDAD (IDCIUDAD, IDDEPARTAMENTO, CODIGO, NOMBRE, IDINDICEDLLOHUMANO) VALUES (556, 11, '815', 'TOCAIMA', 3);
INSERT INTO CIUDAD (IDCIUDAD, IDDEPARTAMENTO, CODIGO, NOMBRE, IDINDICEDLLOHUMANO) VALUES (557, 11, '817', 'TOCANCIPA', 3);
INSERT INTO CIUDAD (IDCIUDAD, IDDEPARTAMENTO, CODIGO, NOMBRE, IDINDICEDLLOHUMANO) VALUES (558, 11, '823', 'TOPAIPI', 3);
INSERT INTO CIUDAD (IDCIUDAD, IDDEPARTAMENTO, CODIGO, NOMBRE, IDINDICEDLLOHUMANO) VALUES (559, 11, '839', 'UBALA', 3);
INSERT INTO CIUDAD (IDCIUDAD, IDDEPARTAMENTO, CODIGO, NOMBRE, IDINDICEDLLOHUMANO) VALUES (560, 11, '841', 'UBAQUE', 3);
INSERT INTO CIUDAD (IDCIUDAD, IDDEPARTAMENTO, CODIGO, NOMBRE, IDINDICEDLLOHUMANO) VALUES (561, 11, '843', 'VILLA DE SAN DIEGO DE UBATE', 3);
INSERT INTO CIUDAD (IDCIUDAD, IDDEPARTAMENTO, CODIGO, NOMBRE, IDINDICEDLLOHUMANO) VALUES (562, 11, '845', 'UNE', 3);
INSERT INTO CIUDAD (IDCIUDAD, IDDEPARTAMENTO, CODIGO, NOMBRE, IDINDICEDLLOHUMANO) VALUES (563, 11, '851', 'UTICA', 3);
INSERT INTO CIUDAD (IDCIUDAD, IDDEPARTAMENTO, CODIGO, NOMBRE, IDINDICEDLLOHUMANO) VALUES (564, 11, '862', 'VERGARA', 3);
INSERT INTO CIUDAD (IDCIUDAD, IDDEPARTAMENTO, CODIGO, NOMBRE, IDINDICEDLLOHUMANO) VALUES (565, 11, '867', 'VIANI', 3);
INSERT INTO CIUDAD (IDCIUDAD, IDDEPARTAMENTO, CODIGO, NOMBRE, IDINDICEDLLOHUMANO) VALUES (566, 11, '871', 'VILLAGOMEZ', 3);
INSERT INTO CIUDAD (IDCIUDAD, IDDEPARTAMENTO, CODIGO, NOMBRE, IDINDICEDLLOHUMANO) VALUES (567, 11, '873', 'VILLAPINZON', 3);
INSERT INTO CIUDAD (IDCIUDAD, IDDEPARTAMENTO, CODIGO, NOMBRE, IDINDICEDLLOHUMANO) VALUES (568, 11, '875', 'VILLETA', 3);
INSERT INTO CIUDAD (IDCIUDAD, IDDEPARTAMENTO, CODIGO, NOMBRE, IDINDICEDLLOHUMANO) VALUES (569, 11, '878', 'VIOTA', 3);
INSERT INTO CIUDAD (IDCIUDAD, IDDEPARTAMENTO, CODIGO, NOMBRE, IDINDICEDLLOHUMANO) VALUES (570, 11, '885', 'YACOPI', 3);
INSERT INTO CIUDAD (IDCIUDAD, IDDEPARTAMENTO, CODIGO, NOMBRE, IDINDICEDLLOHUMANO) VALUES (571, 11, '898', 'ZIPACON', 3);
INSERT INTO CIUDAD (IDCIUDAD, IDDEPARTAMENTO, CODIGO, NOMBRE, IDINDICEDLLOHUMANO) VALUES (572, 11, '899', 'ZIPAQUIRA', 3);
INSERT INTO CIUDAD (IDCIUDAD, IDDEPARTAMENTO, CODIGO, NOMBRE, IDINDICEDLLOHUMANO) VALUES (573, 12, '001', 'QUIBDO', 3);
INSERT INTO CIUDAD (IDCIUDAD, IDDEPARTAMENTO, CODIGO, NOMBRE, IDINDICEDLLOHUMANO) VALUES (574, 12, '006', 'ACANDI', 3);
INSERT INTO CIUDAD (IDCIUDAD, IDDEPARTAMENTO, CODIGO, NOMBRE, IDINDICEDLLOHUMANO) VALUES (575, 12, '025', 'ALTO BAUDO', 3);
INSERT INTO CIUDAD (IDCIUDAD, IDDEPARTAMENTO, CODIGO, NOMBRE, IDINDICEDLLOHUMANO) VALUES (576, 12, '050', 'ATRATO', 3);
INSERT INTO CIUDAD (IDCIUDAD, IDDEPARTAMENTO, CODIGO, NOMBRE, IDINDICEDLLOHUMANO) VALUES (577, 12, '073', 'BAGADO', 3);
INSERT INTO CIUDAD (IDCIUDAD, IDDEPARTAMENTO, CODIGO, NOMBRE, IDINDICEDLLOHUMANO) VALUES (578, 12, '075', 'BAHIA SOLANO', 3);
INSERT INTO CIUDAD (IDCIUDAD, IDDEPARTAMENTO, CODIGO, NOMBRE, IDINDICEDLLOHUMANO) VALUES (579, 12, '077', 'BAJO BAUDO', 3);
INSERT INTO CIUDAD (IDCIUDAD, IDDEPARTAMENTO, CODIGO, NOMBRE, IDINDICEDLLOHUMANO) VALUES (580, 12, '099', 'BOJAYA', 3);
INSERT INTO CIUDAD (IDCIUDAD, IDDEPARTAMENTO, CODIGO, NOMBRE, IDINDICEDLLOHUMANO) VALUES (581, 12, '135', 'EL CANTON DEL SAN PABLO', 3);
INSERT INTO CIUDAD (IDCIUDAD, IDDEPARTAMENTO, CODIGO, NOMBRE, IDINDICEDLLOHUMANO) VALUES (582, 12, '150', 'CARMEN DEL DARIEN', 3);
INSERT INTO CIUDAD (IDCIUDAD, IDDEPARTAMENTO, CODIGO, NOMBRE, IDINDICEDLLOHUMANO) VALUES (583, 12, '160', 'CERTEGUI', 3);
INSERT INTO CIUDAD (IDCIUDAD, IDDEPARTAMENTO, CODIGO, NOMBRE, IDINDICEDLLOHUMANO) VALUES (584, 12, '205', 'CONDOTO', 3);
INSERT INTO CIUDAD (IDCIUDAD, IDDEPARTAMENTO, CODIGO, NOMBRE, IDINDICEDLLOHUMANO) VALUES (585, 12, '245', 'EL CARMEN DE ATRATO', 3);
INSERT INTO CIUDAD (IDCIUDAD, IDDEPARTAMENTO, CODIGO, NOMBRE, IDINDICEDLLOHUMANO) VALUES (586, 12, '250', 'EL LITORAL DEL SAN JUAN', 3);
INSERT INTO CIUDAD (IDCIUDAD, IDDEPARTAMENTO, CODIGO, NOMBRE, IDINDICEDLLOHUMANO) VALUES (587, 12, '361', 'ISTMINA', 3);
INSERT INTO CIUDAD (IDCIUDAD, IDDEPARTAMENTO, CODIGO, NOMBRE, IDINDICEDLLOHUMANO) VALUES (588, 12, '372', 'JURADO', 3);
INSERT INTO CIUDAD (IDCIUDAD, IDDEPARTAMENTO, CODIGO, NOMBRE, IDINDICEDLLOHUMANO) VALUES (589, 12, '413', 'LLORO', 3);
INSERT INTO CIUDAD (IDCIUDAD, IDDEPARTAMENTO, CODIGO, NOMBRE, IDINDICEDLLOHUMANO) VALUES (590, 12, '425', 'MEDIO ATRATO', 3);
INSERT INTO CIUDAD (IDCIUDAD, IDDEPARTAMENTO, CODIGO, NOMBRE, IDINDICEDLLOHUMANO) VALUES (591, 12, '430', 'MEDIO BAUDO', 3);
INSERT INTO CIUDAD (IDCIUDAD, IDDEPARTAMENTO, CODIGO, NOMBRE, IDINDICEDLLOHUMANO) VALUES (592, 12, '450', 'MEDIO SAN JUAN', 3);
INSERT INTO CIUDAD (IDCIUDAD, IDDEPARTAMENTO, CODIGO, NOMBRE, IDINDICEDLLOHUMANO) VALUES (593, 12, '491', 'NOVITA', 3);
INSERT INTO CIUDAD (IDCIUDAD, IDDEPARTAMENTO, CODIGO, NOMBRE, IDINDICEDLLOHUMANO) VALUES (594, 12, '495', 'NUQUI', 3);
INSERT INTO CIUDAD (IDCIUDAD, IDDEPARTAMENTO, CODIGO, NOMBRE, IDINDICEDLLOHUMANO) VALUES (595, 12, '580', 'RIO IRO', 3);
INSERT INTO CIUDAD (IDCIUDAD, IDDEPARTAMENTO, CODIGO, NOMBRE, IDINDICEDLLOHUMANO) VALUES (596, 12, '600', 'RIO QUITO', 3);
INSERT INTO CIUDAD (IDCIUDAD, IDDEPARTAMENTO, CODIGO, NOMBRE, IDINDICEDLLOHUMANO) VALUES (597, 12, '615', 'RIOSUCIO', 3);
INSERT INTO CIUDAD (IDCIUDAD, IDDEPARTAMENTO, CODIGO, NOMBRE, IDINDICEDLLOHUMANO) VALUES (598, 12, '660', 'SAN JOSE DEL PALMAR', 3);
INSERT INTO CIUDAD (IDCIUDAD, IDDEPARTAMENTO, CODIGO, NOMBRE, IDINDICEDLLOHUMANO) VALUES (599, 12, '745', 'SIPI', 3);
INSERT INTO CIUDAD (IDCIUDAD, IDDEPARTAMENTO, CODIGO, NOMBRE, IDINDICEDLLOHUMANO) VALUES (600, 12, '787', 'TADO', 3);
INSERT INTO CIUDAD (IDCIUDAD, IDDEPARTAMENTO, CODIGO, NOMBRE, IDINDICEDLLOHUMANO) VALUES (601, 12, '800', 'UNGUIA', 3);
INSERT INTO CIUDAD (IDCIUDAD, IDDEPARTAMENTO, CODIGO, NOMBRE, IDINDICEDLLOHUMANO) VALUES (602, 12, '810', 'UNION PANAMERICANA', 3);
INSERT INTO CIUDAD (IDCIUDAD, IDDEPARTAMENTO, CODIGO, NOMBRE, IDINDICEDLLOHUMANO) VALUES (603, 13, '001', 'NEIVA', 3);
INSERT INTO CIUDAD (IDCIUDAD, IDDEPARTAMENTO, CODIGO, NOMBRE, IDINDICEDLLOHUMANO) VALUES (604, 13, '006', 'ACEVEDO', 3);
INSERT INTO CIUDAD (IDCIUDAD, IDDEPARTAMENTO, CODIGO, NOMBRE, IDINDICEDLLOHUMANO) VALUES (605, 13, '013', 'AGRADO', 3);
INSERT INTO CIUDAD (IDCIUDAD, IDDEPARTAMENTO, CODIGO, NOMBRE, IDINDICEDLLOHUMANO) VALUES (606, 13, '016', 'AIPE', 3);
INSERT INTO CIUDAD (IDCIUDAD, IDDEPARTAMENTO, CODIGO, NOMBRE, IDINDICEDLLOHUMANO) VALUES (609, 13, '078', 'BARAYA', 4);
INSERT INTO CIUDAD (IDCIUDAD, IDDEPARTAMENTO, CODIGO, NOMBRE, IDINDICEDLLOHUMANO) VALUES (608, 13, '026', 'ALTAMIRA', 4);
INSERT INTO CIUDAD (IDCIUDAD, IDDEPARTAMENTO, CODIGO, NOMBRE, IDINDICEDLLOHUMANO) VALUES (607, 13, '020', 'ALGECIRAS', 4);
INSERT INTO CIUDAD (IDCIUDAD, IDDEPARTAMENTO, CODIGO, NOMBRE, IDINDICEDLLOHUMANO) VALUES (610, 13, '132', 'CAMPOALEGRE', 4);
INSERT INTO CIUDAD (IDCIUDAD, IDDEPARTAMENTO, CODIGO, NOMBRE, IDINDICEDLLOHUMANO) VALUES (611, 13, '206', 'COLOMBIA', 4);
INSERT INTO CIUDAD (IDCIUDAD, IDDEPARTAMENTO, CODIGO, NOMBRE, IDINDICEDLLOHUMANO) VALUES (612, 13, '244', 'ELIAS', 4);
INSERT INTO CIUDAD (IDCIUDAD, IDDEPARTAMENTO, CODIGO, NOMBRE, IDINDICEDLLOHUMANO) VALUES (613, 13, '298', 'GARZON', 4);
INSERT INTO CIUDAD (IDCIUDAD, IDDEPARTAMENTO, CODIGO, NOMBRE, IDINDICEDLLOHUMANO) VALUES (614, 13, '306', 'GIGANTE', 4);
INSERT INTO CIUDAD (IDCIUDAD, IDDEPARTAMENTO, CODIGO, NOMBRE, IDINDICEDLLOHUMANO) VALUES (615, 13, '319', 'GUADALUPE', 4);
INSERT INTO CIUDAD (IDCIUDAD, IDDEPARTAMENTO, CODIGO, NOMBRE, IDINDICEDLLOHUMANO) VALUES (616, 13, '349', 'HOBO', 4);
INSERT INTO CIUDAD (IDCIUDAD, IDDEPARTAMENTO, CODIGO, NOMBRE, IDINDICEDLLOHUMANO) VALUES (617, 13, '357', 'IQUIRA', 4);
INSERT INTO CIUDAD (IDCIUDAD, IDDEPARTAMENTO, CODIGO, NOMBRE, IDINDICEDLLOHUMANO) VALUES (618, 13, '359', 'ISNOS', 4);
INSERT INTO CIUDAD (IDCIUDAD, IDDEPARTAMENTO, CODIGO, NOMBRE, IDINDICEDLLOHUMANO) VALUES (619, 13, '378', 'LA ARGENTINA', 4);
INSERT INTO CIUDAD (IDCIUDAD, IDDEPARTAMENTO, CODIGO, NOMBRE, IDINDICEDLLOHUMANO) VALUES (620, 13, '396', 'LA PLATA', 4);
INSERT INTO CIUDAD (IDCIUDAD, IDDEPARTAMENTO, CODIGO, NOMBRE, IDINDICEDLLOHUMANO) VALUES (621, 13, '483', 'NATAGA', 4);
INSERT INTO CIUDAD (IDCIUDAD, IDDEPARTAMENTO, CODIGO, NOMBRE, IDINDICEDLLOHUMANO) VALUES (622, 13, '503', 'OPORAPA', 4);
INSERT INTO CIUDAD (IDCIUDAD, IDDEPARTAMENTO, CODIGO, NOMBRE, IDINDICEDLLOHUMANO) VALUES (623, 13, '518', 'PAICOL', 4);
INSERT INTO CIUDAD (IDCIUDAD, IDDEPARTAMENTO, CODIGO, NOMBRE, IDINDICEDLLOHUMANO) VALUES (624, 13, '524', 'PALERMO', 4);
INSERT INTO CIUDAD (IDCIUDAD, IDDEPARTAMENTO, CODIGO, NOMBRE, IDINDICEDLLOHUMANO) VALUES (625, 13, '530', 'PALESTINA', 4);
INSERT INTO CIUDAD (IDCIUDAD, IDDEPARTAMENTO, CODIGO, NOMBRE, IDINDICEDLLOHUMANO) VALUES (626, 13, '548', 'PITAL', 4);
INSERT INTO CIUDAD (IDCIUDAD, IDDEPARTAMENTO, CODIGO, NOMBRE, IDINDICEDLLOHUMANO) VALUES (627, 13, '551', 'PITALITO', 4);
INSERT INTO CIUDAD (IDCIUDAD, IDDEPARTAMENTO, CODIGO, NOMBRE, IDINDICEDLLOHUMANO) VALUES (628, 13, '615', 'RIVERA', 4);
INSERT INTO CIUDAD (IDCIUDAD, IDDEPARTAMENTO, CODIGO, NOMBRE, IDINDICEDLLOHUMANO) VALUES (629, 13, '660', 'SALADOBLANCO', 4);
INSERT INTO CIUDAD (IDCIUDAD, IDDEPARTAMENTO, CODIGO, NOMBRE, IDINDICEDLLOHUMANO) VALUES (630, 13, '668', 'SAN AGUSTIN', 4);
INSERT INTO CIUDAD (IDCIUDAD, IDDEPARTAMENTO, CODIGO, NOMBRE, IDINDICEDLLOHUMANO) VALUES (631, 13, '676', 'SANTA MARIA', 4);
INSERT INTO CIUDAD (IDCIUDAD, IDDEPARTAMENTO, CODIGO, NOMBRE, IDINDICEDLLOHUMANO) VALUES (632, 13, '770', 'SUAZA', 4);
INSERT INTO CIUDAD (IDCIUDAD, IDDEPARTAMENTO, CODIGO, NOMBRE, IDINDICEDLLOHUMANO) VALUES (633, 13, '791', 'TARQUI', 4);
INSERT INTO CIUDAD (IDCIUDAD, IDDEPARTAMENTO, CODIGO, NOMBRE, IDINDICEDLLOHUMANO) VALUES (634, 13, '797', 'TESALIA', 4);
INSERT INTO CIUDAD (IDCIUDAD, IDDEPARTAMENTO, CODIGO, NOMBRE, IDINDICEDLLOHUMANO) VALUES (635, 13, '799', 'TELLO', 4);
INSERT INTO CIUDAD (IDCIUDAD, IDDEPARTAMENTO, CODIGO, NOMBRE, IDINDICEDLLOHUMANO) VALUES (636, 13, '801', 'TERUEL', 4);
INSERT INTO CIUDAD (IDCIUDAD, IDDEPARTAMENTO, CODIGO, NOMBRE, IDINDICEDLLOHUMANO) VALUES (637, 13, '807', 'TIMANA', 4);
INSERT INTO CIUDAD (IDCIUDAD, IDDEPARTAMENTO, CODIGO, NOMBRE, IDINDICEDLLOHUMANO) VALUES (638, 13, '872', 'VILLAVIEJA', 4);
INSERT INTO CIUDAD (IDCIUDAD, IDDEPARTAMENTO, CODIGO, NOMBRE, IDINDICEDLLOHUMANO) VALUES (639, 13, '885', 'YAGUARA', 4);
INSERT INTO CIUDAD (IDCIUDAD, IDDEPARTAMENTO, CODIGO, NOMBRE, IDINDICEDLLOHUMANO) VALUES (640, 14, '001', 'RIOHACHA', 4);
INSERT INTO CIUDAD (IDCIUDAD, IDDEPARTAMENTO, CODIGO, NOMBRE, IDINDICEDLLOHUMANO) VALUES (641, 14, '035', 'ALBANIA', 4);
INSERT INTO CIUDAD (IDCIUDAD, IDDEPARTAMENTO, CODIGO, NOMBRE, IDINDICEDLLOHUMANO) VALUES (642, 14, '078', 'BARRANCAS', 4);
INSERT INTO CIUDAD (IDCIUDAD, IDDEPARTAMENTO, CODIGO, NOMBRE, IDINDICEDLLOHUMANO) VALUES (643, 14, '090', 'DIBULLA', 4);
INSERT INTO CIUDAD (IDCIUDAD, IDDEPARTAMENTO, CODIGO, NOMBRE, IDINDICEDLLOHUMANO) VALUES (644, 14, '098', 'DISTRACCION', 4);
INSERT INTO CIUDAD (IDCIUDAD, IDDEPARTAMENTO, CODIGO, NOMBRE, IDINDICEDLLOHUMANO) VALUES (645, 14, '110', 'EL MOLINO', 4);
INSERT INTO CIUDAD (IDCIUDAD, IDDEPARTAMENTO, CODIGO, NOMBRE, IDINDICEDLLOHUMANO) VALUES (646, 14, '279', 'FONSECA', 4);
INSERT INTO CIUDAD (IDCIUDAD, IDDEPARTAMENTO, CODIGO, NOMBRE, IDINDICEDLLOHUMANO) VALUES (647, 14, '378', 'HATONUEVO', 4);
INSERT INTO CIUDAD (IDCIUDAD, IDDEPARTAMENTO, CODIGO, NOMBRE, IDINDICEDLLOHUMANO) VALUES (648, 14, '420', 'LA JAGUA DEL PILAR', 4);
INSERT INTO CIUDAD (IDCIUDAD, IDDEPARTAMENTO, CODIGO, NOMBRE, IDINDICEDLLOHUMANO) VALUES (649, 14, '430', 'MAICAO', 4);
INSERT INTO CIUDAD (IDCIUDAD, IDDEPARTAMENTO, CODIGO, NOMBRE, IDINDICEDLLOHUMANO) VALUES (650, 14, '560', 'MANAURE', 4);
INSERT INTO CIUDAD (IDCIUDAD, IDDEPARTAMENTO, CODIGO, NOMBRE, IDINDICEDLLOHUMANO) VALUES (651, 14, '650', 'SAN JUAN DEL 9', 4);
INSERT INTO CIUDAD (IDCIUDAD, IDDEPARTAMENTO, CODIGO, NOMBRE, IDINDICEDLLOHUMANO) VALUES (652, 14, '847', 'URIBIA', 4);
INSERT INTO CIUDAD (IDCIUDAD, IDDEPARTAMENTO, CODIGO, NOMBRE, IDINDICEDLLOHUMANO) VALUES (653, 14, '855', 'URUMITA', 4);
INSERT INTO CIUDAD (IDCIUDAD, IDDEPARTAMENTO, CODIGO, NOMBRE, IDINDICEDLLOHUMANO) VALUES (654, 14, '874', 'VILLANUEVA', 4);
INSERT INTO CIUDAD (IDCIUDAD, IDDEPARTAMENTO, CODIGO, NOMBRE, IDINDICEDLLOHUMANO) VALUES (655, 15, '001', 'SANTA MARTA', 4);
INSERT INTO CIUDAD (IDCIUDAD, IDDEPARTAMENTO, CODIGO, NOMBRE, IDINDICEDLLOHUMANO) VALUES (656, 15, '030', 'ALGARROBO', 4);
INSERT INTO CIUDAD (IDCIUDAD, IDDEPARTAMENTO, CODIGO, NOMBRE, IDINDICEDLLOHUMANO) VALUES (657, 15, '053', 'ARACATACA', 4);
INSERT INTO CIUDAD (IDCIUDAD, IDDEPARTAMENTO, CODIGO, NOMBRE, IDINDICEDLLOHUMANO) VALUES (658, 15, '058', 'ARIGUANI', 4);
INSERT INTO CIUDAD (IDCIUDAD, IDDEPARTAMENTO, CODIGO, NOMBRE, IDINDICEDLLOHUMANO) VALUES (659, 15, '161', 'CERRO SAN ANTONIO', 4);
INSERT INTO CIUDAD (IDCIUDAD, IDDEPARTAMENTO, CODIGO, NOMBRE, IDINDICEDLLOHUMANO) VALUES (660, 15, '170', 'CHIBOLO', 4);
INSERT INTO CIUDAD (IDCIUDAD, IDDEPARTAMENTO, CODIGO, NOMBRE, IDINDICEDLLOHUMANO) VALUES (661, 15, '189', 'CIENAGA', 4);
INSERT INTO CIUDAD (IDCIUDAD, IDDEPARTAMENTO, CODIGO, NOMBRE, IDINDICEDLLOHUMANO) VALUES (662, 15, '205', 'CONCORDIA', 4);
INSERT INTO CIUDAD (IDCIUDAD, IDDEPARTAMENTO, CODIGO, NOMBRE, IDINDICEDLLOHUMANO) VALUES (663, 15, '245', 'EL BANCO', 4);
INSERT INTO CIUDAD (IDCIUDAD, IDDEPARTAMENTO, CODIGO, NOMBRE, IDINDICEDLLOHUMANO) VALUES (664, 15, '258', 'EL PIÑON', 4);
INSERT INTO CIUDAD (IDCIUDAD, IDDEPARTAMENTO, CODIGO, NOMBRE, IDINDICEDLLOHUMANO) VALUES (665, 15, '268', 'EL RETEN', 4);
INSERT INTO CIUDAD (IDCIUDAD, IDDEPARTAMENTO, CODIGO, NOMBRE, IDINDICEDLLOHUMANO) VALUES (666, 15, '288', 'FUNDACION', 4);
INSERT INTO CIUDAD (IDCIUDAD, IDDEPARTAMENTO, CODIGO, NOMBRE, IDINDICEDLLOHUMANO) VALUES (667, 15, '318', 'GUAMAL', 4);
INSERT INTO CIUDAD (IDCIUDAD, IDDEPARTAMENTO, CODIGO, NOMBRE, IDINDICEDLLOHUMANO) VALUES (668, 15, '460', 'NUEVA GRANADA', 4);
INSERT INTO CIUDAD (IDCIUDAD, IDDEPARTAMENTO, CODIGO, NOMBRE, IDINDICEDLLOHUMANO) VALUES (669, 15, '541', 'PEDRAZA', 4);
INSERT INTO CIUDAD (IDCIUDAD, IDDEPARTAMENTO, CODIGO, NOMBRE, IDINDICEDLLOHUMANO) VALUES (670, 15, '545', 'PIJIÑO DEL CARMEN', 4);
INSERT INTO CIUDAD (IDCIUDAD, IDDEPARTAMENTO, CODIGO, NOMBRE, IDINDICEDLLOHUMANO) VALUES (671, 15, '551', 'PIVIJAY', 4);
INSERT INTO CIUDAD (IDCIUDAD, IDDEPARTAMENTO, CODIGO, NOMBRE, IDINDICEDLLOHUMANO) VALUES (672, 15, '555', 'PLATO', 4);
INSERT INTO CIUDAD (IDCIUDAD, IDDEPARTAMENTO, CODIGO, NOMBRE, IDINDICEDLLOHUMANO) VALUES (673, 15, '570', 'PUEBLOVIEJO', 4);
INSERT INTO CIUDAD (IDCIUDAD, IDDEPARTAMENTO, CODIGO, NOMBRE, IDINDICEDLLOHUMANO) VALUES (674, 15, '605', 'REMOLINO', 4);
INSERT INTO CIUDAD (IDCIUDAD, IDDEPARTAMENTO, CODIGO, NOMBRE, IDINDICEDLLOHUMANO) VALUES (675, 15, '660', 'SABANAS DE SAN ANGEL', 4);
INSERT INTO CIUDAD (IDCIUDAD, IDDEPARTAMENTO, CODIGO, NOMBRE, IDINDICEDLLOHUMANO) VALUES (676, 15, '675', 'SALAMINA', 4);
INSERT INTO CIUDAD (IDCIUDAD, IDDEPARTAMENTO, CODIGO, NOMBRE, IDINDICEDLLOHUMANO) VALUES (677, 15, '692', 'SAN SEBASTIAN DE BUENAVISTA', 4);
INSERT INTO CIUDAD (IDCIUDAD, IDDEPARTAMENTO, CODIGO, NOMBRE, IDINDICEDLLOHUMANO) VALUES (678, 15, '703', 'SAN ZENON', 4);
INSERT INTO CIUDAD (IDCIUDAD, IDDEPARTAMENTO, CODIGO, NOMBRE, IDINDICEDLLOHUMANO) VALUES (679, 15, '707', 'SANTA ANA', 4);
INSERT INTO CIUDAD (IDCIUDAD, IDDEPARTAMENTO, CODIGO, NOMBRE, IDINDICEDLLOHUMANO) VALUES (680, 15, '720', 'SANTA BARBARA DE PINTO', 4);
INSERT INTO CIUDAD (IDCIUDAD, IDDEPARTAMENTO, CODIGO, NOMBRE, IDINDICEDLLOHUMANO) VALUES (681, 15, '745', 'SITIONUEVO', 4);
INSERT INTO CIUDAD (IDCIUDAD, IDDEPARTAMENTO, CODIGO, NOMBRE, IDINDICEDLLOHUMANO) VALUES (682, 15, '798', 'TENERIFE', 4);
INSERT INTO CIUDAD (IDCIUDAD, IDDEPARTAMENTO, CODIGO, NOMBRE, IDINDICEDLLOHUMANO) VALUES (683, 15, '960', 'ZAPAYAN', 4);
INSERT INTO CIUDAD (IDCIUDAD, IDDEPARTAMENTO, CODIGO, NOMBRE, IDINDICEDLLOHUMANO) VALUES (684, 15, '980', 'ZONA BANANERA', 4);
INSERT INTO CIUDAD (IDCIUDAD, IDDEPARTAMENTO, CODIGO, NOMBRE, IDINDICEDLLOHUMANO) VALUES (685, 16, '001', 'VILLAVICENCIO', 4);
INSERT INTO CIUDAD (IDCIUDAD, IDDEPARTAMENTO, CODIGO, NOMBRE, IDINDICEDLLOHUMANO) VALUES (686, 16, '006', 'ACACIAS', 4);
INSERT INTO CIUDAD (IDCIUDAD, IDDEPARTAMENTO, CODIGO, NOMBRE, IDINDICEDLLOHUMANO) VALUES (687, 16, '110', 'BARRANCA DE UPIA', 4);
INSERT INTO CIUDAD (IDCIUDAD, IDDEPARTAMENTO, CODIGO, NOMBRE, IDINDICEDLLOHUMANO) VALUES (688, 16, '124', 'CABUYARO', 4);
INSERT INTO CIUDAD (IDCIUDAD, IDDEPARTAMENTO, CODIGO, NOMBRE, IDINDICEDLLOHUMANO) VALUES (689, 16, '150', 'CASTILLA LA NUEVA', 4);
INSERT INTO CIUDAD (IDCIUDAD, IDDEPARTAMENTO, CODIGO, NOMBRE, IDINDICEDLLOHUMANO) VALUES (690, 16, '223', 'CUBARRAL', 4);
INSERT INTO CIUDAD (IDCIUDAD, IDDEPARTAMENTO, CODIGO, NOMBRE, IDINDICEDLLOHUMANO) VALUES (691, 16, '226', 'CUMARAL', 4);
INSERT INTO CIUDAD (IDCIUDAD, IDDEPARTAMENTO, CODIGO, NOMBRE, IDINDICEDLLOHUMANO) VALUES (692, 16, '245', 'EL CALVARIO', 4);
INSERT INTO CIUDAD (IDCIUDAD, IDDEPARTAMENTO, CODIGO, NOMBRE, IDINDICEDLLOHUMANO) VALUES (693, 16, '251', 'EL CASTILLO', 4);
INSERT INTO CIUDAD (IDCIUDAD, IDDEPARTAMENTO, CODIGO, NOMBRE, IDINDICEDLLOHUMANO) VALUES (694, 16, '270', 'EL DORADO', 4);
INSERT INTO CIUDAD (IDCIUDAD, IDDEPARTAMENTO, CODIGO, NOMBRE, IDINDICEDLLOHUMANO) VALUES (695, 16, '287', 'FUENTE DE ORO', 4);
INSERT INTO CIUDAD (IDCIUDAD, IDDEPARTAMENTO, CODIGO, NOMBRE, IDINDICEDLLOHUMANO) VALUES (696, 16, '313', 'GRANADA', 4);
INSERT INTO CIUDAD (IDCIUDAD, IDDEPARTAMENTO, CODIGO, NOMBRE, IDINDICEDLLOHUMANO) VALUES (697, 16, '318', 'GUAMAL', 4);
INSERT INTO CIUDAD (IDCIUDAD, IDDEPARTAMENTO, CODIGO, NOMBRE, IDINDICEDLLOHUMANO) VALUES (698, 16, '325', 'MAPIRIPAN', 4);
INSERT INTO CIUDAD (IDCIUDAD, IDDEPARTAMENTO, CODIGO, NOMBRE, IDINDICEDLLOHUMANO) VALUES (699, 16, '330', 'MESETAS', 4);
INSERT INTO CIUDAD (IDCIUDAD, IDDEPARTAMENTO, CODIGO, NOMBRE, IDINDICEDLLOHUMANO) VALUES (700, 16, '350', 'LA MACARENA', 4);
INSERT INTO CIUDAD (IDCIUDAD, IDDEPARTAMENTO, CODIGO, NOMBRE, IDINDICEDLLOHUMANO) VALUES (701, 16, '370', 'URIBE', 4);
INSERT INTO CIUDAD (IDCIUDAD, IDDEPARTAMENTO, CODIGO, NOMBRE, IDINDICEDLLOHUMANO) VALUES (702, 16, '400', 'LEJANIAS', 4);
INSERT INTO CIUDAD (IDCIUDAD, IDDEPARTAMENTO, CODIGO, NOMBRE, IDINDICEDLLOHUMANO) VALUES (703, 16, '450', 'PUERTO CONCORDIA', 4);
INSERT INTO CIUDAD (IDCIUDAD, IDDEPARTAMENTO, CODIGO, NOMBRE, IDINDICEDLLOHUMANO) VALUES (704, 16, '568', 'PUERTO GAITAN', 4);
INSERT INTO CIUDAD (IDCIUDAD, IDDEPARTAMENTO, CODIGO, NOMBRE, IDINDICEDLLOHUMANO) VALUES (705, 16, '573', 'PUERTO LOPEZ', 4);
INSERT INTO CIUDAD (IDCIUDAD, IDDEPARTAMENTO, CODIGO, NOMBRE, IDINDICEDLLOHUMANO) VALUES (706, 16, '577', 'PUERTO LLERAS', 4);
INSERT INTO CIUDAD (IDCIUDAD, IDDEPARTAMENTO, CODIGO, NOMBRE, IDINDICEDLLOHUMANO) VALUES (707, 16, '590', 'PUERTO RICO', 4);
INSERT INTO CIUDAD (IDCIUDAD, IDDEPARTAMENTO, CODIGO, NOMBRE, IDINDICEDLLOHUMANO) VALUES (708, 16, '606', 'RESTREPO', 4);
INSERT INTO CIUDAD (IDCIUDAD, IDDEPARTAMENTO, CODIGO, NOMBRE, IDINDICEDLLOHUMANO) VALUES (709, 16, '680', 'SAN CARLOS DE GUAROA', 4);
INSERT INTO CIUDAD (IDCIUDAD, IDDEPARTAMENTO, CODIGO, NOMBRE, IDINDICEDLLOHUMANO) VALUES (710, 16, '683', 'SAN JUAN DE ARAMA', 4);
INSERT INTO CIUDAD (IDCIUDAD, IDDEPARTAMENTO, CODIGO, NOMBRE, IDINDICEDLLOHUMANO) VALUES (711, 16, '686', 'SAN JUANITO', 4);
INSERT INTO CIUDAD (IDCIUDAD, IDDEPARTAMENTO, CODIGO, NOMBRE, IDINDICEDLLOHUMANO) VALUES (712, 16, '689', 'SAN MARTIN', 4);
INSERT INTO CIUDAD (IDCIUDAD, IDDEPARTAMENTO, CODIGO, NOMBRE, IDINDICEDLLOHUMANO) VALUES (713, 16, '711', 'VISTAHERMOSA', 4);
INSERT INTO CIUDAD (IDCIUDAD, IDDEPARTAMENTO, CODIGO, NOMBRE, IDINDICEDLLOHUMANO) VALUES (714, 17, '001', 'PASTO', 4);
INSERT INTO CIUDAD (IDCIUDAD, IDDEPARTAMENTO, CODIGO, NOMBRE, IDINDICEDLLOHUMANO) VALUES (715, 17, '019', 'ALBAN', 4);
INSERT INTO CIUDAD (IDCIUDAD, IDDEPARTAMENTO, CODIGO, NOMBRE, IDINDICEDLLOHUMANO) VALUES (716, 17, '022', 'ALDANA', 4);
INSERT INTO CIUDAD (IDCIUDAD, IDDEPARTAMENTO, CODIGO, NOMBRE, IDINDICEDLLOHUMANO) VALUES (717, 17, '036', 'ANCUYA', 4);
INSERT INTO CIUDAD (IDCIUDAD, IDDEPARTAMENTO, CODIGO, NOMBRE, IDINDICEDLLOHUMANO) VALUES (718, 17, '051', 'ARBOLEDA', 4);
INSERT INTO CIUDAD (IDCIUDAD, IDDEPARTAMENTO, CODIGO, NOMBRE, IDINDICEDLLOHUMANO) VALUES (719, 17, '079', 'BARBACOAS', 4);
INSERT INTO CIUDAD (IDCIUDAD, IDDEPARTAMENTO, CODIGO, NOMBRE, IDINDICEDLLOHUMANO) VALUES (720, 17, '083', 'BELEN', 4);
INSERT INTO CIUDAD (IDCIUDAD, IDDEPARTAMENTO, CODIGO, NOMBRE, IDINDICEDLLOHUMANO) VALUES (721, 17, '110', 'BUESACO', 4);
INSERT INTO CIUDAD (IDCIUDAD, IDDEPARTAMENTO, CODIGO, NOMBRE, IDINDICEDLLOHUMANO) VALUES (722, 17, '203', 'COLON', 4);
INSERT INTO CIUDAD (IDCIUDAD, IDDEPARTAMENTO, CODIGO, NOMBRE, IDINDICEDLLOHUMANO) VALUES (723, 17, '207', 'CONSACA', 4);
INSERT INTO CIUDAD (IDCIUDAD, IDDEPARTAMENTO, CODIGO, NOMBRE, IDINDICEDLLOHUMANO) VALUES (724, 17, '210', 'CONTADERO', 4);
INSERT INTO CIUDAD (IDCIUDAD, IDDEPARTAMENTO, CODIGO, NOMBRE, IDINDICEDLLOHUMANO) VALUES (725, 17, '215', 'CORDOBA', 4);
INSERT INTO CIUDAD (IDCIUDAD, IDDEPARTAMENTO, CODIGO, NOMBRE, IDINDICEDLLOHUMANO) VALUES (726, 17, '224', 'CUASPUD', 4);
INSERT INTO CIUDAD (IDCIUDAD, IDDEPARTAMENTO, CODIGO, NOMBRE, IDINDICEDLLOHUMANO) VALUES (727, 17, '227', 'CUMBAL', 4);
INSERT INTO CIUDAD (IDCIUDAD, IDDEPARTAMENTO, CODIGO, NOMBRE, IDINDICEDLLOHUMANO) VALUES (728, 17, '233', 'CUMBITARA', 4);
INSERT INTO CIUDAD (IDCIUDAD, IDDEPARTAMENTO, CODIGO, NOMBRE, IDINDICEDLLOHUMANO) VALUES (729, 17, '240', 'CHACHAGsI', 4);
INSERT INTO CIUDAD (IDCIUDAD, IDDEPARTAMENTO, CODIGO, NOMBRE, IDINDICEDLLOHUMANO) VALUES (730, 17, '250', 'EL CHARCO', 4);
INSERT INTO CIUDAD (IDCIUDAD, IDDEPARTAMENTO, CODIGO, NOMBRE, IDINDICEDLLOHUMANO) VALUES (731, 17, '254', 'EL PEÑOL', 4);
INSERT INTO CIUDAD (IDCIUDAD, IDDEPARTAMENTO, CODIGO, NOMBRE, IDINDICEDLLOHUMANO) VALUES (732, 17, '256', 'EL ROSARIO', 4);
INSERT INTO CIUDAD (IDCIUDAD, IDDEPARTAMENTO, CODIGO, NOMBRE, IDINDICEDLLOHUMANO) VALUES (733, 17, '258', 'EL TABLON DE GOMEZ', 4);
INSERT INTO CIUDAD (IDCIUDAD, IDDEPARTAMENTO, CODIGO, NOMBRE, IDINDICEDLLOHUMANO) VALUES (734, 17, '260', 'EL TAMBO', 4);
INSERT INTO CIUDAD (IDCIUDAD, IDDEPARTAMENTO, CODIGO, NOMBRE, IDINDICEDLLOHUMANO) VALUES (735, 17, '287', 'FUNES', 4);
INSERT INTO CIUDAD (IDCIUDAD, IDDEPARTAMENTO, CODIGO, NOMBRE, IDINDICEDLLOHUMANO) VALUES (736, 17, '317', 'GUACHUCAL', 4);
INSERT INTO CIUDAD (IDCIUDAD, IDDEPARTAMENTO, CODIGO, NOMBRE, IDINDICEDLLOHUMANO) VALUES (737, 17, '320', 'GUAITARILLA', 4);
INSERT INTO CIUDAD (IDCIUDAD, IDDEPARTAMENTO, CODIGO, NOMBRE, IDINDICEDLLOHUMANO) VALUES (738, 17, '323', 'GUALMATAN', 4);
INSERT INTO CIUDAD (IDCIUDAD, IDDEPARTAMENTO, CODIGO, NOMBRE, IDINDICEDLLOHUMANO) VALUES (739, 17, '352', 'ILES', 4);
INSERT INTO CIUDAD (IDCIUDAD, IDDEPARTAMENTO, CODIGO, NOMBRE, IDINDICEDLLOHUMANO) VALUES (740, 17, '354', 'IMUES', 4);
INSERT INTO CIUDAD (IDCIUDAD, IDDEPARTAMENTO, CODIGO, NOMBRE, IDINDICEDLLOHUMANO) VALUES (741, 17, '356', 'IPIALES', 4);
INSERT INTO CIUDAD (IDCIUDAD, IDDEPARTAMENTO, CODIGO, NOMBRE, IDINDICEDLLOHUMANO) VALUES (742, 17, '378', 'LA CRUZ', 4);
INSERT INTO CIUDAD (IDCIUDAD, IDDEPARTAMENTO, CODIGO, NOMBRE, IDINDICEDLLOHUMANO) VALUES (743, 17, '381', 'LA FLORIDA', 4);
INSERT INTO CIUDAD (IDCIUDAD, IDDEPARTAMENTO, CODIGO, NOMBRE, IDINDICEDLLOHUMANO) VALUES (744, 17, '385', 'LA LLANADA', 4);
INSERT INTO CIUDAD (IDCIUDAD, IDDEPARTAMENTO, CODIGO, NOMBRE, IDINDICEDLLOHUMANO) VALUES (745, 17, '390', 'LA TOLA', 4);
INSERT INTO CIUDAD (IDCIUDAD, IDDEPARTAMENTO, CODIGO, NOMBRE, IDINDICEDLLOHUMANO) VALUES (746, 17, '399', 'LA UNION', 4);
INSERT INTO CIUDAD (IDCIUDAD, IDDEPARTAMENTO, CODIGO, NOMBRE, IDINDICEDLLOHUMANO) VALUES (747, 17, '405', 'LEIVA', 4);
INSERT INTO CIUDAD (IDCIUDAD, IDDEPARTAMENTO, CODIGO, NOMBRE, IDINDICEDLLOHUMANO) VALUES (748, 17, '411', 'LINARES', 4);
INSERT INTO CIUDAD (IDCIUDAD, IDDEPARTAMENTO, CODIGO, NOMBRE, IDINDICEDLLOHUMANO) VALUES (749, 17, '418', 'LOS ANDES', 4);
INSERT INTO CIUDAD (IDCIUDAD, IDDEPARTAMENTO, CODIGO, NOMBRE, IDINDICEDLLOHUMANO) VALUES (750, 17, '427', 'MAGsI', 4);
INSERT INTO CIUDAD (IDCIUDAD, IDDEPARTAMENTO, CODIGO, NOMBRE, IDINDICEDLLOHUMANO) VALUES (751, 17, '435', 'MALLAMA', 4);
INSERT INTO CIUDAD (IDCIUDAD, IDDEPARTAMENTO, CODIGO, NOMBRE, IDINDICEDLLOHUMANO) VALUES (752, 17, '473', 'MOSQUERA', 4);
INSERT INTO CIUDAD (IDCIUDAD, IDDEPARTAMENTO, CODIGO, NOMBRE, IDINDICEDLLOHUMANO) VALUES (753, 17, '480', 'NARIÑO', 4);
INSERT INTO CIUDAD (IDCIUDAD, IDDEPARTAMENTO, CODIGO, NOMBRE, IDINDICEDLLOHUMANO) VALUES (754, 17, '490', 'OLAYA HERRERA', 4);
INSERT INTO CIUDAD (IDCIUDAD, IDDEPARTAMENTO, CODIGO, NOMBRE, IDINDICEDLLOHUMANO) VALUES (755, 17, '506', 'OSPINA', 4);
INSERT INTO CIUDAD (IDCIUDAD, IDDEPARTAMENTO, CODIGO, NOMBRE, IDINDICEDLLOHUMANO) VALUES (756, 17, '520', 'FRANCISCO PIZARRO', 4);
INSERT INTO CIUDAD (IDCIUDAD, IDDEPARTAMENTO, CODIGO, NOMBRE, IDINDICEDLLOHUMANO) VALUES (757, 17, '540', 'POLICARPA', 4);
INSERT INTO CIUDAD (IDCIUDAD, IDDEPARTAMENTO, CODIGO, NOMBRE, IDINDICEDLLOHUMANO) VALUES (758, 17, '560', 'POTOSI', 4);
INSERT INTO CIUDAD (IDCIUDAD, IDDEPARTAMENTO, CODIGO, NOMBRE, IDINDICEDLLOHUMANO) VALUES (759, 17, '565', 'PROVIDENCIA', 4);
INSERT INTO CIUDAD (IDCIUDAD, IDDEPARTAMENTO, CODIGO, NOMBRE, IDINDICEDLLOHUMANO) VALUES (760, 17, '573', 'PUERRES', 4);
INSERT INTO CIUDAD (IDCIUDAD, IDDEPARTAMENTO, CODIGO, NOMBRE, IDINDICEDLLOHUMANO) VALUES (761, 17, '585', 'PUPIALES', 4);
INSERT INTO CIUDAD (IDCIUDAD, IDDEPARTAMENTO, CODIGO, NOMBRE, IDINDICEDLLOHUMANO) VALUES (762, 17, '612', 'RICAURTE', 4);
INSERT INTO CIUDAD (IDCIUDAD, IDDEPARTAMENTO, CODIGO, NOMBRE, IDINDICEDLLOHUMANO) VALUES (763, 17, '621', 'ROBERTO PAYAN', 4);
INSERT INTO CIUDAD (IDCIUDAD, IDDEPARTAMENTO, CODIGO, NOMBRE, IDINDICEDLLOHUMANO) VALUES (764, 17, '678', 'SAMANIEGO', 4);
INSERT INTO CIUDAD (IDCIUDAD, IDDEPARTAMENTO, CODIGO, NOMBRE, IDINDICEDLLOHUMANO) VALUES (765, 17, '683', 'SANDONA', 4);
INSERT INTO CIUDAD (IDCIUDAD, IDDEPARTAMENTO, CODIGO, NOMBRE, IDINDICEDLLOHUMANO) VALUES (766, 17, '685', 'SAN BERNARDO', 4);
INSERT INTO CIUDAD (IDCIUDAD, IDDEPARTAMENTO, CODIGO, NOMBRE, IDINDICEDLLOHUMANO) VALUES (767, 17, '687', 'SAN LORENZO', 4);
INSERT INTO CIUDAD (IDCIUDAD, IDDEPARTAMENTO, CODIGO, NOMBRE, IDINDICEDLLOHUMANO) VALUES (768, 17, '693', 'SAN PABLO', 1);
INSERT INTO CIUDAD (IDCIUDAD, IDDEPARTAMENTO, CODIGO, NOMBRE, IDINDICEDLLOHUMANO) VALUES (769, 17, '694', 'SAN PEDRO DE CARTAGO', 1);
INSERT INTO CIUDAD (IDCIUDAD, IDDEPARTAMENTO, CODIGO, NOMBRE, IDINDICEDLLOHUMANO) VALUES (770, 17, '696', 'SANTA BARBARA', 1);
INSERT INTO CIUDAD (IDCIUDAD, IDDEPARTAMENTO, CODIGO, NOMBRE, IDINDICEDLLOHUMANO) VALUES (771, 17, '699', 'SANTACRUZ', 1);
INSERT INTO CIUDAD (IDCIUDAD, IDDEPARTAMENTO, CODIGO, NOMBRE, IDINDICEDLLOHUMANO) VALUES (772, 17, '720', 'SAPUYES', 1);
INSERT INTO CIUDAD (IDCIUDAD, IDDEPARTAMENTO, CODIGO, NOMBRE, IDINDICEDLLOHUMANO) VALUES (773, 17, '786', 'TAMINANGO', 1);
INSERT INTO CIUDAD (IDCIUDAD, IDDEPARTAMENTO, CODIGO, NOMBRE, IDINDICEDLLOHUMANO) VALUES (774, 17, '788', 'TANGUA', 1);
INSERT INTO CIUDAD (IDCIUDAD, IDDEPARTAMENTO, CODIGO, NOMBRE, IDINDICEDLLOHUMANO) VALUES (775, 17, '835', 'SAN ANDRES DE TUMACO', 1);
INSERT INTO CIUDAD (IDCIUDAD, IDDEPARTAMENTO, CODIGO, NOMBRE, IDINDICEDLLOHUMANO) VALUES (776, 17, '838', 'TUQUERRES', 1);
INSERT INTO CIUDAD (IDCIUDAD, IDDEPARTAMENTO, CODIGO, NOMBRE, IDINDICEDLLOHUMANO) VALUES (777, 17, '885', 'YACUANQUER', 1);
INSERT INTO CIUDAD (IDCIUDAD, IDDEPARTAMENTO, CODIGO, NOMBRE, IDINDICEDLLOHUMANO) VALUES (778, 18, '001', 'CUCUTA', 1);
INSERT INTO CIUDAD (IDCIUDAD, IDDEPARTAMENTO, CODIGO, NOMBRE, IDINDICEDLLOHUMANO) VALUES (779, 18, '003', 'ABREGO', 1);
INSERT INTO CIUDAD (IDCIUDAD, IDDEPARTAMENTO, CODIGO, NOMBRE, IDINDICEDLLOHUMANO) VALUES (780, 18, '051', 'ARBOLEDAS', 1);
INSERT INTO CIUDAD (IDCIUDAD, IDDEPARTAMENTO, CODIGO, NOMBRE, IDINDICEDLLOHUMANO) VALUES (781, 18, '099', 'BOCHALEMA', 1);
INSERT INTO CIUDAD (IDCIUDAD, IDDEPARTAMENTO, CODIGO, NOMBRE, IDINDICEDLLOHUMANO) VALUES (782, 18, '109', 'BUCARASICA', 1);
INSERT INTO CIUDAD (IDCIUDAD, IDDEPARTAMENTO, CODIGO, NOMBRE, IDINDICEDLLOHUMANO) VALUES (783, 18, '125', 'CACOTA', 1);
INSERT INTO CIUDAD (IDCIUDAD, IDDEPARTAMENTO, CODIGO, NOMBRE, IDINDICEDLLOHUMANO) VALUES (784, 18, '128', 'CACHIRA', 1);
INSERT INTO CIUDAD (IDCIUDAD, IDDEPARTAMENTO, CODIGO, NOMBRE, IDINDICEDLLOHUMANO) VALUES (785, 18, '172', 'CHINACOTA', 1);
INSERT INTO CIUDAD (IDCIUDAD, IDDEPARTAMENTO, CODIGO, NOMBRE, IDINDICEDLLOHUMANO) VALUES (786, 18, '174', 'CHITAGA', 1);
INSERT INTO CIUDAD (IDCIUDAD, IDDEPARTAMENTO, CODIGO, NOMBRE, IDINDICEDLLOHUMANO) VALUES (787, 18, '206', 'CONVENCION', 1);
INSERT INTO CIUDAD (IDCIUDAD, IDDEPARTAMENTO, CODIGO, NOMBRE, IDINDICEDLLOHUMANO) VALUES (788, 18, '223', 'CUCUTILLA', 1);
INSERT INTO CIUDAD (IDCIUDAD, IDDEPARTAMENTO, CODIGO, NOMBRE, IDINDICEDLLOHUMANO) VALUES (789, 18, '239', 'DURANIA', 1);
INSERT INTO CIUDAD (IDCIUDAD, IDDEPARTAMENTO, CODIGO, NOMBRE, IDINDICEDLLOHUMANO) VALUES (790, 18, '245', 'EL CARMEN', 1);
INSERT INTO CIUDAD (IDCIUDAD, IDDEPARTAMENTO, CODIGO, NOMBRE, IDINDICEDLLOHUMANO) VALUES (791, 18, '250', 'EL TARRA', 1);
INSERT INTO CIUDAD (IDCIUDAD, IDDEPARTAMENTO, CODIGO, NOMBRE, IDINDICEDLLOHUMANO) VALUES (792, 18, '261', 'EL ZULIA', 1);
INSERT INTO CIUDAD (IDCIUDAD, IDDEPARTAMENTO, CODIGO, NOMBRE, IDINDICEDLLOHUMANO) VALUES (793, 18, '313', 'GRAMALOTE', 1);
INSERT INTO CIUDAD (IDCIUDAD, IDDEPARTAMENTO, CODIGO, NOMBRE, IDINDICEDLLOHUMANO) VALUES (794, 18, '344', 'HACARI', 1);
INSERT INTO CIUDAD (IDCIUDAD, IDDEPARTAMENTO, CODIGO, NOMBRE, IDINDICEDLLOHUMANO) VALUES (795, 18, '347', 'HERRAN', 1);
INSERT INTO CIUDAD (IDCIUDAD, IDDEPARTAMENTO, CODIGO, NOMBRE, IDINDICEDLLOHUMANO) VALUES (796, 18, '377', 'LABATECA', 1);
INSERT INTO CIUDAD (IDCIUDAD, IDDEPARTAMENTO, CODIGO, NOMBRE, IDINDICEDLLOHUMANO) VALUES (797, 18, '385', 'LA ESPERANZA', 1);
INSERT INTO CIUDAD (IDCIUDAD, IDDEPARTAMENTO, CODIGO, NOMBRE, IDINDICEDLLOHUMANO) VALUES (798, 18, '398', 'LA PLAYA', 1);
INSERT INTO CIUDAD (IDCIUDAD, IDDEPARTAMENTO, CODIGO, NOMBRE, IDINDICEDLLOHUMANO) VALUES (799, 18, '405', 'LOS PATIOS', 1);
INSERT INTO CIUDAD (IDCIUDAD, IDDEPARTAMENTO, CODIGO, NOMBRE, IDINDICEDLLOHUMANO) VALUES (800, 18, '418', 'LOURDES', 1);
INSERT INTO CIUDAD (IDCIUDAD, IDDEPARTAMENTO, CODIGO, NOMBRE, IDINDICEDLLOHUMANO) VALUES (801, 18, '480', 'MUTISCUA', 1);
INSERT INTO CIUDAD (IDCIUDAD, IDDEPARTAMENTO, CODIGO, NOMBRE, IDINDICEDLLOHUMANO) VALUES (802, 18, '498', 'OCAÑA', 1);
INSERT INTO CIUDAD (IDCIUDAD, IDDEPARTAMENTO, CODIGO, NOMBRE, IDINDICEDLLOHUMANO) VALUES (803, 18, '518', 'PAMPLONA', 1);
INSERT INTO CIUDAD (IDCIUDAD, IDDEPARTAMENTO, CODIGO, NOMBRE, IDINDICEDLLOHUMANO) VALUES (804, 18, '520', 'PAMPLONITA', 1);
INSERT INTO CIUDAD (IDCIUDAD, IDDEPARTAMENTO, CODIGO, NOMBRE, IDINDICEDLLOHUMANO) VALUES (805, 18, '553', 'PUERTO SANTANDER', 1);
INSERT INTO CIUDAD (IDCIUDAD, IDDEPARTAMENTO, CODIGO, NOMBRE, IDINDICEDLLOHUMANO) VALUES (806, 18, '599', 'RAGONVALIA', 1);
INSERT INTO CIUDAD (IDCIUDAD, IDDEPARTAMENTO, CODIGO, NOMBRE, IDINDICEDLLOHUMANO) VALUES (807, 18, '660', 'SALAZAR', 1);
INSERT INTO CIUDAD (IDCIUDAD, IDDEPARTAMENTO, CODIGO, NOMBRE, IDINDICEDLLOHUMANO) VALUES (808, 18, '670', 'SAN CALIXTO', 1);
INSERT INTO CIUDAD (IDCIUDAD, IDDEPARTAMENTO, CODIGO, NOMBRE, IDINDICEDLLOHUMANO) VALUES (809, 18, '673', 'SAN CAYETANO', 1);
INSERT INTO CIUDAD (IDCIUDAD, IDDEPARTAMENTO, CODIGO, NOMBRE, IDINDICEDLLOHUMANO) VALUES (810, 18, '680', 'SANTIAGO', 1);
INSERT INTO CIUDAD (IDCIUDAD, IDDEPARTAMENTO, CODIGO, NOMBRE, IDINDICEDLLOHUMANO) VALUES (811, 18, '720', 'SARDINATA', 1);
INSERT INTO CIUDAD (IDCIUDAD, IDDEPARTAMENTO, CODIGO, NOMBRE, IDINDICEDLLOHUMANO) VALUES (812, 18, '743', 'SILOS', 1);
INSERT INTO CIUDAD (IDCIUDAD, IDDEPARTAMENTO, CODIGO, NOMBRE, IDINDICEDLLOHUMANO) VALUES (813, 18, '800', 'TEORAMA', 1);
INSERT INTO CIUDAD (IDCIUDAD, IDDEPARTAMENTO, CODIGO, NOMBRE, IDINDICEDLLOHUMANO) VALUES (814, 18, '810', 'TIBU', 1);
INSERT INTO CIUDAD (IDCIUDAD, IDDEPARTAMENTO, CODIGO, NOMBRE, IDINDICEDLLOHUMANO) VALUES (815, 18, '820', 'TOLEDO', 1);
INSERT INTO CIUDAD (IDCIUDAD, IDDEPARTAMENTO, CODIGO, NOMBRE, IDINDICEDLLOHUMANO) VALUES (816, 18, '871', 'VILLA CARO', 1);
INSERT INTO CIUDAD (IDCIUDAD, IDDEPARTAMENTO, CODIGO, NOMBRE, IDINDICEDLLOHUMANO) VALUES (817, 18, '874', 'VILLA DEL ROSARIO', 1);
INSERT INTO CIUDAD (IDCIUDAD, IDDEPARTAMENTO, CODIGO, NOMBRE, IDINDICEDLLOHUMANO) VALUES (818, 19, '001', 'ARMENIA', 1);
INSERT INTO CIUDAD (IDCIUDAD, IDDEPARTAMENTO, CODIGO, NOMBRE, IDINDICEDLLOHUMANO) VALUES (819, 19, '111', 'BUENAVISTA', 1);
INSERT INTO CIUDAD (IDCIUDAD, IDDEPARTAMENTO, CODIGO, NOMBRE, IDINDICEDLLOHUMANO) VALUES (820, 19, '130', 'CALARCA', 1);
INSERT INTO CIUDAD (IDCIUDAD, IDDEPARTAMENTO, CODIGO, NOMBRE, IDINDICEDLLOHUMANO) VALUES (821, 19, '190', 'CIRCASIA', 1);
INSERT INTO CIUDAD (IDCIUDAD, IDDEPARTAMENTO, CODIGO, NOMBRE, IDINDICEDLLOHUMANO) VALUES (822, 19, '212', 'CORDOBA', 1);
INSERT INTO CIUDAD (IDCIUDAD, IDDEPARTAMENTO, CODIGO, NOMBRE, IDINDICEDLLOHUMANO) VALUES (823, 19, '272', 'FILANDIA', 1);
INSERT INTO CIUDAD (IDCIUDAD, IDDEPARTAMENTO, CODIGO, NOMBRE, IDINDICEDLLOHUMANO) VALUES (824, 19, '302', 'GENOVA', 1);
INSERT INTO CIUDAD (IDCIUDAD, IDDEPARTAMENTO, CODIGO, NOMBRE, IDINDICEDLLOHUMANO) VALUES (825, 19, '401', 'LA TEBAIDA', 1);
INSERT INTO CIUDAD (IDCIUDAD, IDDEPARTAMENTO, CODIGO, NOMBRE, IDINDICEDLLOHUMANO) VALUES (826, 19, '470', 'MONTENEGRO', 1);
INSERT INTO CIUDAD (IDCIUDAD, IDDEPARTAMENTO, CODIGO, NOMBRE, IDINDICEDLLOHUMANO) VALUES (827, 19, '548', 'PIJAO', 1);
INSERT INTO CIUDAD (IDCIUDAD, IDDEPARTAMENTO, CODIGO, NOMBRE, IDINDICEDLLOHUMANO) VALUES (828, 19, '594', 'QUIMBAYA', 1);
INSERT INTO CIUDAD (IDCIUDAD, IDDEPARTAMENTO, CODIGO, NOMBRE, IDINDICEDLLOHUMANO) VALUES (829, 19, '690', 'SALENTO', 1);
INSERT INTO CIUDAD (IDCIUDAD, IDDEPARTAMENTO, CODIGO, NOMBRE, IDINDICEDLLOHUMANO) VALUES (830, 20, '001', 'PEREIRA', 1);
INSERT INTO CIUDAD (IDCIUDAD, IDDEPARTAMENTO, CODIGO, NOMBRE, IDINDICEDLLOHUMANO) VALUES (831, 20, '045', 'APIA', 1);
INSERT INTO CIUDAD (IDCIUDAD, IDDEPARTAMENTO, CODIGO, NOMBRE, IDINDICEDLLOHUMANO) VALUES (832, 20, '075', 'BALBOA', 1);
INSERT INTO CIUDAD (IDCIUDAD, IDDEPARTAMENTO, CODIGO, NOMBRE, IDINDICEDLLOHUMANO) VALUES (833, 20, '088', 'BELEN DE UMBRIA', 1);
INSERT INTO CIUDAD (IDCIUDAD, IDDEPARTAMENTO, CODIGO, NOMBRE, IDINDICEDLLOHUMANO) VALUES (834, 20, '170', 'DOSQUEBRADAS', 1);
INSERT INTO CIUDAD (IDCIUDAD, IDDEPARTAMENTO, CODIGO, NOMBRE, IDINDICEDLLOHUMANO) VALUES (835, 20, '318', 'GUATICA', 1);
INSERT INTO CIUDAD (IDCIUDAD, IDDEPARTAMENTO, CODIGO, NOMBRE, IDINDICEDLLOHUMANO) VALUES (836, 20, '383', 'LA CELIA', 1);
INSERT INTO CIUDAD (IDCIUDAD, IDDEPARTAMENTO, CODIGO, NOMBRE, IDINDICEDLLOHUMANO) VALUES (837, 20, '400', 'LA VIRGINIA', 1);
INSERT INTO CIUDAD (IDCIUDAD, IDDEPARTAMENTO, CODIGO, NOMBRE, IDINDICEDLLOHUMANO) VALUES (838, 20, '440', 'MARSELLA', 1);
INSERT INTO CIUDAD (IDCIUDAD, IDDEPARTAMENTO, CODIGO, NOMBRE, IDINDICEDLLOHUMANO) VALUES (839, 20, '456', 'MISTRATO', 1);
INSERT INTO CIUDAD (IDCIUDAD, IDDEPARTAMENTO, CODIGO, NOMBRE, IDINDICEDLLOHUMANO) VALUES (840, 20, '572', 'PUEBLO RICO', 1);
INSERT INTO CIUDAD (IDCIUDAD, IDDEPARTAMENTO, CODIGO, NOMBRE, IDINDICEDLLOHUMANO) VALUES (841, 20, '594', 'QUINCHIA', 1);
INSERT INTO CIUDAD (IDCIUDAD, IDDEPARTAMENTO, CODIGO, NOMBRE, IDINDICEDLLOHUMANO) VALUES (842, 20, '682', 'SANTA ROSA DE CABAL', 1);
INSERT INTO CIUDAD (IDCIUDAD, IDDEPARTAMENTO, CODIGO, NOMBRE, IDINDICEDLLOHUMANO) VALUES (843, 20, '687', 'SANTUARIO', 1);
INSERT INTO CIUDAD (IDCIUDAD, IDDEPARTAMENTO, CODIGO, NOMBRE, IDINDICEDLLOHUMANO) VALUES (844, 21, '001', 'BUCARAMANGA', 1);
INSERT INTO CIUDAD (IDCIUDAD, IDDEPARTAMENTO, CODIGO, NOMBRE, IDINDICEDLLOHUMANO) VALUES (845, 21, '013', 'AGUADA', 1);
INSERT INTO CIUDAD (IDCIUDAD, IDDEPARTAMENTO, CODIGO, NOMBRE, IDINDICEDLLOHUMANO) VALUES (846, 21, '020', 'ALBANIA', 1);
INSERT INTO CIUDAD (IDCIUDAD, IDDEPARTAMENTO, CODIGO, NOMBRE, IDINDICEDLLOHUMANO) VALUES (847, 21, '051', 'ARATOCA', 1);
INSERT INTO CIUDAD (IDCIUDAD, IDDEPARTAMENTO, CODIGO, NOMBRE, IDINDICEDLLOHUMANO) VALUES (848, 21, '077', 'BARBOSA', 1);
INSERT INTO CIUDAD (IDCIUDAD, IDDEPARTAMENTO, CODIGO, NOMBRE, IDINDICEDLLOHUMANO) VALUES (849, 21, '079', 'BARICHARA', 1);
INSERT INTO CIUDAD (IDCIUDAD, IDDEPARTAMENTO, CODIGO, NOMBRE, IDINDICEDLLOHUMANO) VALUES (850, 21, '081', 'BARRANCABERMEJA', 1);
INSERT INTO CIUDAD (IDCIUDAD, IDDEPARTAMENTO, CODIGO, NOMBRE, IDINDICEDLLOHUMANO) VALUES (851, 21, '092', 'BETULIA', 1);
INSERT INTO CIUDAD (IDCIUDAD, IDDEPARTAMENTO, CODIGO, NOMBRE, IDINDICEDLLOHUMANO) VALUES (852, 21, '101', 'BOLIVAR', 1);
INSERT INTO CIUDAD (IDCIUDAD, IDDEPARTAMENTO, CODIGO, NOMBRE, IDINDICEDLLOHUMANO) VALUES (853, 21, '121', 'CABRERA', 1);
INSERT INTO CIUDAD (IDCIUDAD, IDDEPARTAMENTO, CODIGO, NOMBRE, IDINDICEDLLOHUMANO) VALUES (854, 21, '132', 'CALIFORNIA', 1);
INSERT INTO CIUDAD (IDCIUDAD, IDDEPARTAMENTO, CODIGO, NOMBRE, IDINDICEDLLOHUMANO) VALUES (855, 21, '147', 'CAPITANEJO', 1);
INSERT INTO CIUDAD (IDCIUDAD, IDDEPARTAMENTO, CODIGO, NOMBRE, IDINDICEDLLOHUMANO) VALUES (856, 21, '152', 'CARCASI', 2);
INSERT INTO CIUDAD (IDCIUDAD, IDDEPARTAMENTO, CODIGO, NOMBRE, IDINDICEDLLOHUMANO) VALUES (857, 21, '160', 'CEPITA', 2);
INSERT INTO CIUDAD (IDCIUDAD, IDDEPARTAMENTO, CODIGO, NOMBRE, IDINDICEDLLOHUMANO) VALUES (858, 21, '162', 'CERRITO', 2);
INSERT INTO CIUDAD (IDCIUDAD, IDDEPARTAMENTO, CODIGO, NOMBRE, IDINDICEDLLOHUMANO) VALUES (859, 21, '167', 'CHARALA', 2);
INSERT INTO CIUDAD (IDCIUDAD, IDDEPARTAMENTO, CODIGO, NOMBRE, IDINDICEDLLOHUMANO) VALUES (860, 21, '169', 'CHARTA', 2);
INSERT INTO CIUDAD (IDCIUDAD, IDDEPARTAMENTO, CODIGO, NOMBRE, IDINDICEDLLOHUMANO) VALUES (861, 21, '176', 'CHIMA', 2);
INSERT INTO CIUDAD (IDCIUDAD, IDDEPARTAMENTO, CODIGO, NOMBRE, IDINDICEDLLOHUMANO) VALUES (862, 21, '179', 'CHIPATA', 2);
INSERT INTO CIUDAD (IDCIUDAD, IDDEPARTAMENTO, CODIGO, NOMBRE, IDINDICEDLLOHUMANO) VALUES (863, 21, '190', 'CIMITARRA', 2);
INSERT INTO CIUDAD (IDCIUDAD, IDDEPARTAMENTO, CODIGO, NOMBRE, IDINDICEDLLOHUMANO) VALUES (864, 21, '207', 'CONCEPCION', 2);
INSERT INTO CIUDAD (IDCIUDAD, IDDEPARTAMENTO, CODIGO, NOMBRE, IDINDICEDLLOHUMANO) VALUES (865, 21, '209', 'CONFINES', 2);
INSERT INTO CIUDAD (IDCIUDAD, IDDEPARTAMENTO, CODIGO, NOMBRE, IDINDICEDLLOHUMANO) VALUES (866, 21, '211', 'CONTRATACION', 2);
INSERT INTO CIUDAD (IDCIUDAD, IDDEPARTAMENTO, CODIGO, NOMBRE, IDINDICEDLLOHUMANO) VALUES (867, 21, '217', 'COROMORO', 2);
INSERT INTO CIUDAD (IDCIUDAD, IDDEPARTAMENTO, CODIGO, NOMBRE, IDINDICEDLLOHUMANO) VALUES (868, 21, '229', 'CURITI', 2);
INSERT INTO CIUDAD (IDCIUDAD, IDDEPARTAMENTO, CODIGO, NOMBRE, IDINDICEDLLOHUMANO) VALUES (869, 21, '235', 'EL CARMEN DE CHUCURI', 2);
INSERT INTO CIUDAD (IDCIUDAD, IDDEPARTAMENTO, CODIGO, NOMBRE, IDINDICEDLLOHUMANO) VALUES (870, 21, '245', 'EL GUACAMAYO', 2);
INSERT INTO CIUDAD (IDCIUDAD, IDDEPARTAMENTO, CODIGO, NOMBRE, IDINDICEDLLOHUMANO) VALUES (871, 21, '250', 'EL PEÑON', 2);
INSERT INTO CIUDAD (IDCIUDAD, IDDEPARTAMENTO, CODIGO, NOMBRE, IDINDICEDLLOHUMANO) VALUES (872, 21, '255', 'EL PLAYON', 2);
INSERT INTO CIUDAD (IDCIUDAD, IDDEPARTAMENTO, CODIGO, NOMBRE, IDINDICEDLLOHUMANO) VALUES (873, 21, '264', 'ENCINO', 2);
INSERT INTO CIUDAD (IDCIUDAD, IDDEPARTAMENTO, CODIGO, NOMBRE, IDINDICEDLLOHUMANO) VALUES (874, 21, '266', 'ENCISO', 2);
INSERT INTO CIUDAD (IDCIUDAD, IDDEPARTAMENTO, CODIGO, NOMBRE, IDINDICEDLLOHUMANO) VALUES (875, 21, '271', 'FLORIAN', 2);
INSERT INTO CIUDAD (IDCIUDAD, IDDEPARTAMENTO, CODIGO, NOMBRE, IDINDICEDLLOHUMANO) VALUES (876, 21, '276', 'FLORIDABLANCA', 2);
INSERT INTO CIUDAD (IDCIUDAD, IDDEPARTAMENTO, CODIGO, NOMBRE, IDINDICEDLLOHUMANO) VALUES (877, 21, '296', 'GALAN', 2);
INSERT INTO CIUDAD (IDCIUDAD, IDDEPARTAMENTO, CODIGO, NOMBRE, IDINDICEDLLOHUMANO) VALUES (878, 21, '298', 'GAMBITA', 2);
INSERT INTO CIUDAD (IDCIUDAD, IDDEPARTAMENTO, CODIGO, NOMBRE, IDINDICEDLLOHUMANO) VALUES (879, 21, '307', 'GIRON', 2);
INSERT INTO CIUDAD (IDCIUDAD, IDDEPARTAMENTO, CODIGO, NOMBRE, IDINDICEDLLOHUMANO) VALUES (880, 21, '318', 'GUACA', 2);
INSERT INTO CIUDAD (IDCIUDAD, IDDEPARTAMENTO, CODIGO, NOMBRE, IDINDICEDLLOHUMANO) VALUES (881, 21, '320', 'GUADALUPE', 2);
INSERT INTO CIUDAD (IDCIUDAD, IDDEPARTAMENTO, CODIGO, NOMBRE, IDINDICEDLLOHUMANO) VALUES (882, 21, '322', 'GUAPOTA', 2);
INSERT INTO CIUDAD (IDCIUDAD, IDDEPARTAMENTO, CODIGO, NOMBRE, IDINDICEDLLOHUMANO) VALUES (883, 21, '324', 'GUAVATA', 2);
INSERT INTO CIUDAD (IDCIUDAD, IDDEPARTAMENTO, CODIGO, NOMBRE, IDINDICEDLLOHUMANO) VALUES (884, 21, '327', 'GsEPSA', 2);
INSERT INTO CIUDAD (IDCIUDAD, IDDEPARTAMENTO, CODIGO, NOMBRE, IDINDICEDLLOHUMANO) VALUES (885, 21, '344', 'HATO', 2);
INSERT INTO CIUDAD (IDCIUDAD, IDDEPARTAMENTO, CODIGO, NOMBRE, IDINDICEDLLOHUMANO) VALUES (886, 21, '368', 'JESUS MARIA', 2);
INSERT INTO CIUDAD (IDCIUDAD, IDDEPARTAMENTO, CODIGO, NOMBRE, IDINDICEDLLOHUMANO) VALUES (887, 21, '370', 'JORDAN', 2);
INSERT INTO CIUDAD (IDCIUDAD, IDDEPARTAMENTO, CODIGO, NOMBRE, IDINDICEDLLOHUMANO) VALUES (888, 21, '377', 'LA BELLEZA', 2);
INSERT INTO CIUDAD (IDCIUDAD, IDDEPARTAMENTO, CODIGO, NOMBRE, IDINDICEDLLOHUMANO) VALUES (889, 21, '385', 'LANDAZURI', 2);
INSERT INTO CIUDAD (IDCIUDAD, IDDEPARTAMENTO, CODIGO, NOMBRE, IDINDICEDLLOHUMANO) VALUES (890, 21, '397', 'LA PAZ', 2);
INSERT INTO CIUDAD (IDCIUDAD, IDDEPARTAMENTO, CODIGO, NOMBRE, IDINDICEDLLOHUMANO) VALUES (891, 21, '406', 'LEBRIJA', 2);
INSERT INTO CIUDAD (IDCIUDAD, IDDEPARTAMENTO, CODIGO, NOMBRE, IDINDICEDLLOHUMANO) VALUES (892, 21, '418', 'LOS SANTOS', 2);
INSERT INTO CIUDAD (IDCIUDAD, IDDEPARTAMENTO, CODIGO, NOMBRE, IDINDICEDLLOHUMANO) VALUES (893, 21, '425', 'MACARAVITA', 2);
INSERT INTO CIUDAD (IDCIUDAD, IDDEPARTAMENTO, CODIGO, NOMBRE, IDINDICEDLLOHUMANO) VALUES (894, 21, '432', 'MALAGA', 2);
INSERT INTO CIUDAD (IDCIUDAD, IDDEPARTAMENTO, CODIGO, NOMBRE, IDINDICEDLLOHUMANO) VALUES (895, 21, '444', 'MATANZA', 2);
INSERT INTO CIUDAD (IDCIUDAD, IDDEPARTAMENTO, CODIGO, NOMBRE, IDINDICEDLLOHUMANO) VALUES (896, 21, '464', 'MOGOTES', 2);
INSERT INTO CIUDAD (IDCIUDAD, IDDEPARTAMENTO, CODIGO, NOMBRE, IDINDICEDLLOHUMANO) VALUES (897, 21, '468', 'MOLAGAVITA', 2);
INSERT INTO CIUDAD (IDCIUDAD, IDDEPARTAMENTO, CODIGO, NOMBRE, IDINDICEDLLOHUMANO) VALUES (898, 21, '498', 'OCAMONTE', 2);
INSERT INTO CIUDAD (IDCIUDAD, IDDEPARTAMENTO, CODIGO, NOMBRE, IDINDICEDLLOHUMANO) VALUES (899, 21, '500', 'OIBA', 2);
INSERT INTO CIUDAD (IDCIUDAD, IDDEPARTAMENTO, CODIGO, NOMBRE, IDINDICEDLLOHUMANO) VALUES (900, 21, '502', 'ONZAGA', 2);
INSERT INTO CIUDAD (IDCIUDAD, IDDEPARTAMENTO, CODIGO, NOMBRE, IDINDICEDLLOHUMANO) VALUES (901, 21, '522', 'PALMAR', 2);
INSERT INTO CIUDAD (IDCIUDAD, IDDEPARTAMENTO, CODIGO, NOMBRE, IDINDICEDLLOHUMANO) VALUES (902, 21, '524', 'PALMAS DEL SOCORRO', 2);
INSERT INTO CIUDAD (IDCIUDAD, IDDEPARTAMENTO, CODIGO, NOMBRE, IDINDICEDLLOHUMANO) VALUES (903, 21, '533', 'PARAMO', 2);
INSERT INTO CIUDAD (IDCIUDAD, IDDEPARTAMENTO, CODIGO, NOMBRE, IDINDICEDLLOHUMANO) VALUES (904, 21, '547', 'PIEDECUESTA', 2);
INSERT INTO CIUDAD (IDCIUDAD, IDDEPARTAMENTO, CODIGO, NOMBRE, IDINDICEDLLOHUMANO) VALUES (905, 21, '549', 'PINCHOTE', 2);
INSERT INTO CIUDAD (IDCIUDAD, IDDEPARTAMENTO, CODIGO, NOMBRE, IDINDICEDLLOHUMANO) VALUES (906, 21, '572', 'PUENTE NACIONAL', 2);
INSERT INTO CIUDAD (IDCIUDAD, IDDEPARTAMENTO, CODIGO, NOMBRE, IDINDICEDLLOHUMANO) VALUES (907, 21, '573', 'PUERTO PARRA', 2);
INSERT INTO CIUDAD (IDCIUDAD, IDDEPARTAMENTO, CODIGO, NOMBRE, IDINDICEDLLOHUMANO) VALUES (908, 21, '575', 'PUERTO WILCHES', 2);
INSERT INTO CIUDAD (IDCIUDAD, IDDEPARTAMENTO, CODIGO, NOMBRE, IDINDICEDLLOHUMANO) VALUES (909, 21, '615', 'RIONEGRO', 2);
INSERT INTO CIUDAD (IDCIUDAD, IDDEPARTAMENTO, CODIGO, NOMBRE, IDINDICEDLLOHUMANO) VALUES (910, 21, '655', 'SABANA DE TORRES', 2);
INSERT INTO CIUDAD (IDCIUDAD, IDDEPARTAMENTO, CODIGO, NOMBRE, IDINDICEDLLOHUMANO) VALUES (911, 21, '669', 'SAN ANDRES', 2);
INSERT INTO CIUDAD (IDCIUDAD, IDDEPARTAMENTO, CODIGO, NOMBRE, IDINDICEDLLOHUMANO) VALUES (912, 21, '673', 'SAN BENITO', 2);
INSERT INTO CIUDAD (IDCIUDAD, IDDEPARTAMENTO, CODIGO, NOMBRE, IDINDICEDLLOHUMANO) VALUES (913, 21, '679', 'SAN GIL', 2);
INSERT INTO CIUDAD (IDCIUDAD, IDDEPARTAMENTO, CODIGO, NOMBRE, IDINDICEDLLOHUMANO) VALUES (914, 21, '682', 'SAN JOAQUIN', 2);
INSERT INTO CIUDAD (IDCIUDAD, IDDEPARTAMENTO, CODIGO, NOMBRE, IDINDICEDLLOHUMANO) VALUES (915, 21, '684', 'SAN JOSE DE MIRANDA', 2);
INSERT INTO CIUDAD (IDCIUDAD, IDDEPARTAMENTO, CODIGO, NOMBRE, IDINDICEDLLOHUMANO) VALUES (916, 21, '686', 'SAN MIGUEL', 2);
INSERT INTO CIUDAD (IDCIUDAD, IDDEPARTAMENTO, CODIGO, NOMBRE, IDINDICEDLLOHUMANO) VALUES (917, 21, '689', 'SAN VICENTE DE CHUCURI', 2);
INSERT INTO CIUDAD (IDCIUDAD, IDDEPARTAMENTO, CODIGO, NOMBRE, IDINDICEDLLOHUMANO) VALUES (918, 21, '705', 'SANTA BARBARA', 2);
INSERT INTO CIUDAD (IDCIUDAD, IDDEPARTAMENTO, CODIGO, NOMBRE, IDINDICEDLLOHUMANO) VALUES (919, 21, '720', 'SANTA HELENA DEL OPON', 2);
INSERT INTO CIUDAD (IDCIUDAD, IDDEPARTAMENTO, CODIGO, NOMBRE, IDINDICEDLLOHUMANO) VALUES (920, 21, '745', 'SIMACOTA', 2);
INSERT INTO CIUDAD (IDCIUDAD, IDDEPARTAMENTO, CODIGO, NOMBRE, IDINDICEDLLOHUMANO) VALUES (921, 21, '755', 'SOCORRO', 2);
INSERT INTO CIUDAD (IDCIUDAD, IDDEPARTAMENTO, CODIGO, NOMBRE, IDINDICEDLLOHUMANO) VALUES (922, 21, '770', 'SUAITA', 2);
INSERT INTO CIUDAD (IDCIUDAD, IDDEPARTAMENTO, CODIGO, NOMBRE, IDINDICEDLLOHUMANO) VALUES (923, 21, '773', 'SUCRE', 2);
INSERT INTO CIUDAD (IDCIUDAD, IDDEPARTAMENTO, CODIGO, NOMBRE, IDINDICEDLLOHUMANO) VALUES (924, 21, '780', 'SURATA', 2);
INSERT INTO CIUDAD (IDCIUDAD, IDDEPARTAMENTO, CODIGO, NOMBRE, IDINDICEDLLOHUMANO) VALUES (925, 21, '820', 'TONA', 2);
INSERT INTO CIUDAD (IDCIUDAD, IDDEPARTAMENTO, CODIGO, NOMBRE, IDINDICEDLLOHUMANO) VALUES (926, 21, '855', 'VALLE DE SAN JOSE', 2);
INSERT INTO CIUDAD (IDCIUDAD, IDDEPARTAMENTO, CODIGO, NOMBRE, IDINDICEDLLOHUMANO) VALUES (927, 21, '861', 'VELEZ', 2);
INSERT INTO CIUDAD (IDCIUDAD, IDDEPARTAMENTO, CODIGO, NOMBRE, IDINDICEDLLOHUMANO) VALUES (928, 21, '867', 'VETAS', 2);
INSERT INTO CIUDAD (IDCIUDAD, IDDEPARTAMENTO, CODIGO, NOMBRE, IDINDICEDLLOHUMANO) VALUES (929, 21, '872', 'VILLANUEVA', 2);
INSERT INTO CIUDAD (IDCIUDAD, IDDEPARTAMENTO, CODIGO, NOMBRE, IDINDICEDLLOHUMANO) VALUES (930, 21, '895', 'ZAPATOCA', 2);
INSERT INTO CIUDAD (IDCIUDAD, IDDEPARTAMENTO, CODIGO, NOMBRE, IDINDICEDLLOHUMANO) VALUES (931, 22, '001', 'SINCELEJO', 2);
INSERT INTO CIUDAD (IDCIUDAD, IDDEPARTAMENTO, CODIGO, NOMBRE, IDINDICEDLLOHUMANO) VALUES (932, 22, '110', 'BUENAVISTA', 2);
INSERT INTO CIUDAD (IDCIUDAD, IDDEPARTAMENTO, CODIGO, NOMBRE, IDINDICEDLLOHUMANO) VALUES (933, 22, '124', 'CAIMITO', 2);
INSERT INTO CIUDAD (IDCIUDAD, IDDEPARTAMENTO, CODIGO, NOMBRE, IDINDICEDLLOHUMANO) VALUES (934, 22, '204', 'COLOSO', 2);
INSERT INTO CIUDAD (IDCIUDAD, IDDEPARTAMENTO, CODIGO, NOMBRE, IDINDICEDLLOHUMANO) VALUES (935, 22, '215', 'COROZAL', 2);
INSERT INTO CIUDAD (IDCIUDAD, IDDEPARTAMENTO, CODIGO, NOMBRE, IDINDICEDLLOHUMANO) VALUES (936, 22, '221', 'COVEÑAS', 2);
INSERT INTO CIUDAD (IDCIUDAD, IDDEPARTAMENTO, CODIGO, NOMBRE, IDINDICEDLLOHUMANO) VALUES (937, 22, '230', 'CHALAN', 2);
INSERT INTO CIUDAD (IDCIUDAD, IDDEPARTAMENTO, CODIGO, NOMBRE, IDINDICEDLLOHUMANO) VALUES (938, 22, '233', 'EL ROBLE', 2);
INSERT INTO CIUDAD (IDCIUDAD, IDDEPARTAMENTO, CODIGO, NOMBRE, IDINDICEDLLOHUMANO) VALUES (939, 22, '235', 'GALERAS', 2);
INSERT INTO CIUDAD (IDCIUDAD, IDDEPARTAMENTO, CODIGO, NOMBRE, IDINDICEDLLOHUMANO) VALUES (940, 22, '265', 'GUARANDA', 2);
INSERT INTO CIUDAD (IDCIUDAD, IDDEPARTAMENTO, CODIGO, NOMBRE, IDINDICEDLLOHUMANO) VALUES (941, 22, '400', 'LA UNION', 2);
INSERT INTO CIUDAD (IDCIUDAD, IDDEPARTAMENTO, CODIGO, NOMBRE, IDINDICEDLLOHUMANO) VALUES (942, 22, '418', 'LOS PALMITOS', 2);
INSERT INTO CIUDAD (IDCIUDAD, IDDEPARTAMENTO, CODIGO, NOMBRE, IDINDICEDLLOHUMANO) VALUES (943, 22, '429', 'MAJAGUAL', 2);
INSERT INTO CIUDAD (IDCIUDAD, IDDEPARTAMENTO, CODIGO, NOMBRE, IDINDICEDLLOHUMANO) VALUES (944, 22, '473', 'MORROA', 2);
INSERT INTO CIUDAD (IDCIUDAD, IDDEPARTAMENTO, CODIGO, NOMBRE, IDINDICEDLLOHUMANO) VALUES (945, 22, '508', 'OVEJAS', 2);
INSERT INTO CIUDAD (IDCIUDAD, IDDEPARTAMENTO, CODIGO, NOMBRE, IDINDICEDLLOHUMANO) VALUES (946, 22, '523', 'PALMITO', 2);
INSERT INTO CIUDAD (IDCIUDAD, IDDEPARTAMENTO, CODIGO, NOMBRE, IDINDICEDLLOHUMANO) VALUES (947, 22, '670', 'SAMPUES', 2);
INSERT INTO CIUDAD (IDCIUDAD, IDDEPARTAMENTO, CODIGO, NOMBRE, IDINDICEDLLOHUMANO) VALUES (948, 22, '678', 'SAN BENITO ABAD', 2);
INSERT INTO CIUDAD (IDCIUDAD, IDDEPARTAMENTO, CODIGO, NOMBRE, IDINDICEDLLOHUMANO) VALUES (949, 22, '702', 'SAN JUAN DE BETULIA', 2);
INSERT INTO CIUDAD (IDCIUDAD, IDDEPARTAMENTO, CODIGO, NOMBRE, IDINDICEDLLOHUMANO) VALUES (950, 22, '708', 'SAN MARCOS', 2);
INSERT INTO CIUDAD (IDCIUDAD, IDDEPARTAMENTO, CODIGO, NOMBRE, IDINDICEDLLOHUMANO) VALUES (951, 22, '713', 'SAN ONOFRE', 2);
INSERT INTO CIUDAD (IDCIUDAD, IDDEPARTAMENTO, CODIGO, NOMBRE, IDINDICEDLLOHUMANO) VALUES (952, 22, '717', 'SAN PEDRO', 2);
INSERT INTO CIUDAD (IDCIUDAD, IDDEPARTAMENTO, CODIGO, NOMBRE, IDINDICEDLLOHUMANO) VALUES (953, 22, '742', 'SAN LUIS DE SINCE', 2);
INSERT INTO CIUDAD (IDCIUDAD, IDDEPARTAMENTO, CODIGO, NOMBRE, IDINDICEDLLOHUMANO) VALUES (954, 22, '771', 'SUCRE', 2);
INSERT INTO CIUDAD (IDCIUDAD, IDDEPARTAMENTO, CODIGO, NOMBRE, IDINDICEDLLOHUMANO) VALUES (955, 22, '820', 'SANTIAGO DE TOLU', 2);
INSERT INTO CIUDAD (IDCIUDAD, IDDEPARTAMENTO, CODIGO, NOMBRE, IDINDICEDLLOHUMANO) VALUES (956, 22, '823', 'TOLU VIEJO', 2);
INSERT INTO CIUDAD (IDCIUDAD, IDDEPARTAMENTO, CODIGO, NOMBRE, IDINDICEDLLOHUMANO) VALUES (957, 23, '001', 'IBAGUE', 2);
INSERT INTO CIUDAD (IDCIUDAD, IDDEPARTAMENTO, CODIGO, NOMBRE, IDINDICEDLLOHUMANO) VALUES (958, 23, '024', 'ALPUJARRA', 2);
INSERT INTO CIUDAD (IDCIUDAD, IDDEPARTAMENTO, CODIGO, NOMBRE, IDINDICEDLLOHUMANO) VALUES (959, 23, '026', 'ALVARADO', 2);
INSERT INTO CIUDAD (IDCIUDAD, IDDEPARTAMENTO, CODIGO, NOMBRE, IDINDICEDLLOHUMANO) VALUES (960, 23, '030', 'AMBALEMA', 2);
INSERT INTO CIUDAD (IDCIUDAD, IDDEPARTAMENTO, CODIGO, NOMBRE, IDINDICEDLLOHUMANO) VALUES (961, 23, '043', 'ANZOATEGUI', 2);
INSERT INTO CIUDAD (IDCIUDAD, IDDEPARTAMENTO, CODIGO, NOMBRE, IDINDICEDLLOHUMANO) VALUES (962, 23, '055', 'ARMERO', 2);
INSERT INTO CIUDAD (IDCIUDAD, IDDEPARTAMENTO, CODIGO, NOMBRE, IDINDICEDLLOHUMANO) VALUES (963, 23, '067', 'ATACO', 2);
INSERT INTO CIUDAD (IDCIUDAD, IDDEPARTAMENTO, CODIGO, NOMBRE, IDINDICEDLLOHUMANO) VALUES (964, 23, '124', 'CAJAMARCA', 2);
INSERT INTO CIUDAD (IDCIUDAD, IDDEPARTAMENTO, CODIGO, NOMBRE, IDINDICEDLLOHUMANO) VALUES (965, 23, '148', 'CARMEN DE APICALA', 2);
INSERT INTO CIUDAD (IDCIUDAD, IDDEPARTAMENTO, CODIGO, NOMBRE, IDINDICEDLLOHUMANO) VALUES (966, 23, '152', 'CASABIANCA', 2);
INSERT INTO CIUDAD (IDCIUDAD, IDDEPARTAMENTO, CODIGO, NOMBRE, IDINDICEDLLOHUMANO) VALUES (967, 23, '168', 'CHAPARRAL', 2);
INSERT INTO CIUDAD (IDCIUDAD, IDDEPARTAMENTO, CODIGO, NOMBRE, IDINDICEDLLOHUMANO) VALUES (968, 23, '200', 'COELLO', 2);
INSERT INTO CIUDAD (IDCIUDAD, IDDEPARTAMENTO, CODIGO, NOMBRE, IDINDICEDLLOHUMANO) VALUES (969, 23, '217', 'COYAIMA', 2);
INSERT INTO CIUDAD (IDCIUDAD, IDDEPARTAMENTO, CODIGO, NOMBRE, IDINDICEDLLOHUMANO) VALUES (970, 23, '226', 'CUNDAY', 2);
INSERT INTO CIUDAD (IDCIUDAD, IDDEPARTAMENTO, CODIGO, NOMBRE, IDINDICEDLLOHUMANO) VALUES (971, 23, '236', 'DOLORES', 2);
INSERT INTO CIUDAD (IDCIUDAD, IDDEPARTAMENTO, CODIGO, NOMBRE, IDINDICEDLLOHUMANO) VALUES (972, 23, '268', 'ESPINAL', 2);
INSERT INTO CIUDAD (IDCIUDAD, IDDEPARTAMENTO, CODIGO, NOMBRE, IDINDICEDLLOHUMANO) VALUES (973, 23, '270', 'FALAN', 2);
INSERT INTO CIUDAD (IDCIUDAD, IDDEPARTAMENTO, CODIGO, NOMBRE, IDINDICEDLLOHUMANO) VALUES (974, 23, '275', 'FLANDES', 2);
INSERT INTO CIUDAD (IDCIUDAD, IDDEPARTAMENTO, CODIGO, NOMBRE, IDINDICEDLLOHUMANO) VALUES (975, 23, '283', 'FRESNO', 2);
INSERT INTO CIUDAD (IDCIUDAD, IDDEPARTAMENTO, CODIGO, NOMBRE, IDINDICEDLLOHUMANO) VALUES (976, 23, '319', 'GUAMO', 2);
INSERT INTO CIUDAD (IDCIUDAD, IDDEPARTAMENTO, CODIGO, NOMBRE, IDINDICEDLLOHUMANO) VALUES (977, 23, '347', 'HERVEO', 2);
INSERT INTO CIUDAD (IDCIUDAD, IDDEPARTAMENTO, CODIGO, NOMBRE, IDINDICEDLLOHUMANO) VALUES (978, 23, '349', 'HONDA', 2);
INSERT INTO CIUDAD (IDCIUDAD, IDDEPARTAMENTO, CODIGO, NOMBRE, IDINDICEDLLOHUMANO) VALUES (979, 23, '352', 'ICONONZO', 2);
INSERT INTO CIUDAD (IDCIUDAD, IDDEPARTAMENTO, CODIGO, NOMBRE, IDINDICEDLLOHUMANO) VALUES (980, 23, '408', 'LERIDA', 2);
INSERT INTO CIUDAD (IDCIUDAD, IDDEPARTAMENTO, CODIGO, NOMBRE, IDINDICEDLLOHUMANO) VALUES (981, 23, '411', 'LIBANO', 2);
INSERT INTO CIUDAD (IDCIUDAD, IDDEPARTAMENTO, CODIGO, NOMBRE, IDINDICEDLLOHUMANO) VALUES (982, 23, '443', 'MARIQUITA', 2);
INSERT INTO CIUDAD (IDCIUDAD, IDDEPARTAMENTO, CODIGO, NOMBRE, IDINDICEDLLOHUMANO) VALUES (983, 23, '449', 'MELGAR', 2);
INSERT INTO CIUDAD (IDCIUDAD, IDDEPARTAMENTO, CODIGO, NOMBRE, IDINDICEDLLOHUMANO) VALUES (984, 23, '461', 'MURILLO', 2);
INSERT INTO CIUDAD (IDCIUDAD, IDDEPARTAMENTO, CODIGO, NOMBRE, IDINDICEDLLOHUMANO) VALUES (985, 23, '483', 'NATAGAIMA', 2);
INSERT INTO CIUDAD (IDCIUDAD, IDDEPARTAMENTO, CODIGO, NOMBRE, IDINDICEDLLOHUMANO) VALUES (986, 23, '504', 'ORTEGA', 2);
INSERT INTO CIUDAD (IDCIUDAD, IDDEPARTAMENTO, CODIGO, NOMBRE, IDINDICEDLLOHUMANO) VALUES (987, 23, '520', 'PALOCABILDO', 2);
INSERT INTO CIUDAD (IDCIUDAD, IDDEPARTAMENTO, CODIGO, NOMBRE, IDINDICEDLLOHUMANO) VALUES (988, 23, '547', 'PIEDRAS', 2);
INSERT INTO CIUDAD (IDCIUDAD, IDDEPARTAMENTO, CODIGO, NOMBRE, IDINDICEDLLOHUMANO) VALUES (989, 23, '555', 'PLANADAS', 2);
INSERT INTO CIUDAD (IDCIUDAD, IDDEPARTAMENTO, CODIGO, NOMBRE, IDINDICEDLLOHUMANO) VALUES (990, 23, '563', 'PRADO', 2);
INSERT INTO CIUDAD (IDCIUDAD, IDDEPARTAMENTO, CODIGO, NOMBRE, IDINDICEDLLOHUMANO) VALUES (991, 23, '585', 'PURIFICACION', 2);
INSERT INTO CIUDAD (IDCIUDAD, IDDEPARTAMENTO, CODIGO, NOMBRE, IDINDICEDLLOHUMANO) VALUES (992, 23, '616', 'RIOBLANCO', 2);
INSERT INTO CIUDAD (IDCIUDAD, IDDEPARTAMENTO, CODIGO, NOMBRE, IDINDICEDLLOHUMANO) VALUES (993, 23, '622', 'RONCESVALLES', 2);
INSERT INTO CIUDAD (IDCIUDAD, IDDEPARTAMENTO, CODIGO, NOMBRE, IDINDICEDLLOHUMANO) VALUES (994, 23, '624', 'ROVIRA', 2);
INSERT INTO CIUDAD (IDCIUDAD, IDDEPARTAMENTO, CODIGO, NOMBRE, IDINDICEDLLOHUMANO) VALUES (995, 23, '671', 'SALDAÑA', 2);
INSERT INTO CIUDAD (IDCIUDAD, IDDEPARTAMENTO, CODIGO, NOMBRE, IDINDICEDLLOHUMANO) VALUES (997, 23, '678', 'SAN LUIS', 3);
INSERT INTO CIUDAD (IDCIUDAD, IDDEPARTAMENTO, CODIGO, NOMBRE, IDINDICEDLLOHUMANO) VALUES (998, 23, '686', 'SANTA ISABEL', 3);
INSERT INTO CIUDAD (IDCIUDAD, IDDEPARTAMENTO, CODIGO, NOMBRE, IDINDICEDLLOHUMANO) VALUES (999, 23, '770', 'SUAREZ', 3);
INSERT INTO CIUDAD (IDCIUDAD, IDDEPARTAMENTO, CODIGO, NOMBRE, IDINDICEDLLOHUMANO) VALUES (1000, 23, '854', 'VALLE DE SAN JUAN', 3);
INSERT INTO CIUDAD (IDCIUDAD, IDDEPARTAMENTO, CODIGO, NOMBRE, IDINDICEDLLOHUMANO) VALUES (1001, 23, '861', 'VENADILLO', 3);
INSERT INTO CIUDAD (IDCIUDAD, IDDEPARTAMENTO, CODIGO, NOMBRE, IDINDICEDLLOHUMANO) VALUES (1002, 23, '870', 'VILLAHERMOSA', 3);
INSERT INTO CIUDAD (IDCIUDAD, IDDEPARTAMENTO, CODIGO, NOMBRE, IDINDICEDLLOHUMANO) VALUES (1003, 23, '873', 'VILLARRICA', 3);
INSERT INTO CIUDAD (IDCIUDAD, IDDEPARTAMENTO, CODIGO, NOMBRE, IDINDICEDLLOHUMANO) VALUES (996, 23, '675', 'SAN ANTONIO', 3);
INSERT INTO CIUDAD (IDCIUDAD, IDDEPARTAMENTO, CODIGO, NOMBRE, IDINDICEDLLOHUMANO) VALUES (1004, 24, '001', 'CALI', 3);
INSERT INTO CIUDAD (IDCIUDAD, IDDEPARTAMENTO, CODIGO, NOMBRE, IDINDICEDLLOHUMANO) VALUES (1005, 24, '020', 'ALCALA', 3);
INSERT INTO CIUDAD (IDCIUDAD, IDDEPARTAMENTO, CODIGO, NOMBRE, IDINDICEDLLOHUMANO) VALUES (1006, 24, '036', 'ANDALUCIA', 3);
INSERT INTO CIUDAD (IDCIUDAD, IDDEPARTAMENTO, CODIGO, NOMBRE, IDINDICEDLLOHUMANO) VALUES (1007, 24, '041', 'ANSERMANUEVO', 3);
INSERT INTO CIUDAD (IDCIUDAD, IDDEPARTAMENTO, CODIGO, NOMBRE, IDINDICEDLLOHUMANO) VALUES (1008, 24, '054', 'ARGELIA', 3);
INSERT INTO CIUDAD (IDCIUDAD, IDDEPARTAMENTO, CODIGO, NOMBRE, IDINDICEDLLOHUMANO) VALUES (1009, 24, '100', 'BOLIVAR', 3);
INSERT INTO CIUDAD (IDCIUDAD, IDDEPARTAMENTO, CODIGO, NOMBRE, IDINDICEDLLOHUMANO) VALUES (1010, 24, '109', 'BUENAVENTURA', 3);
INSERT INTO CIUDAD (IDCIUDAD, IDDEPARTAMENTO, CODIGO, NOMBRE, IDINDICEDLLOHUMANO) VALUES (1011, 24, '111', 'GUADALAJARA DE BUGA', 3);
INSERT INTO CIUDAD (IDCIUDAD, IDDEPARTAMENTO, CODIGO, NOMBRE, IDINDICEDLLOHUMANO) VALUES (1012, 24, '113', 'BUGALAGRANDE', 3);
INSERT INTO CIUDAD (IDCIUDAD, IDDEPARTAMENTO, CODIGO, NOMBRE, IDINDICEDLLOHUMANO) VALUES (1013, 24, '122', 'CAICEDONIA', 3);
INSERT INTO CIUDAD (IDCIUDAD, IDDEPARTAMENTO, CODIGO, NOMBRE, IDINDICEDLLOHUMANO) VALUES (1014, 24, '126', 'CALIMA', 3);
INSERT INTO CIUDAD (IDCIUDAD, IDDEPARTAMENTO, CODIGO, NOMBRE, IDINDICEDLLOHUMANO) VALUES (1015, 24, '130', 'CANDELARIA', 3);
INSERT INTO CIUDAD (IDCIUDAD, IDDEPARTAMENTO, CODIGO, NOMBRE, IDINDICEDLLOHUMANO) VALUES (1016, 24, '147', 'CARTAGO', 3);
INSERT INTO CIUDAD (IDCIUDAD, IDDEPARTAMENTO, CODIGO, NOMBRE, IDINDICEDLLOHUMANO) VALUES (1017, 24, '233', 'DAGUA', 3);
INSERT INTO CIUDAD (IDCIUDAD, IDDEPARTAMENTO, CODIGO, NOMBRE, IDINDICEDLLOHUMANO) VALUES (1018, 24, '243', 'EL AGUILA', 3);
INSERT INTO CIUDAD (IDCIUDAD, IDDEPARTAMENTO, CODIGO, NOMBRE, IDINDICEDLLOHUMANO) VALUES (1019, 24, '246', 'EL CAIRO', 3);
INSERT INTO CIUDAD (IDCIUDAD, IDDEPARTAMENTO, CODIGO, NOMBRE, IDINDICEDLLOHUMANO) VALUES (1020, 24, '248', 'EL CERRITO', 3);
INSERT INTO CIUDAD (IDCIUDAD, IDDEPARTAMENTO, CODIGO, NOMBRE, IDINDICEDLLOHUMANO) VALUES (1021, 24, '250', 'EL DOVIO', 3);
INSERT INTO CIUDAD (IDCIUDAD, IDDEPARTAMENTO, CODIGO, NOMBRE, IDINDICEDLLOHUMANO) VALUES (1022, 24, '275', 'FLORIDA', 3);
INSERT INTO CIUDAD (IDCIUDAD, IDDEPARTAMENTO, CODIGO, NOMBRE, IDINDICEDLLOHUMANO) VALUES (1023, 24, '306', 'GINEBRA', 3);
INSERT INTO CIUDAD (IDCIUDAD, IDDEPARTAMENTO, CODIGO, NOMBRE, IDINDICEDLLOHUMANO) VALUES (1024, 24, '318', 'GUACARI', 3);
INSERT INTO CIUDAD (IDCIUDAD, IDDEPARTAMENTO, CODIGO, NOMBRE, IDINDICEDLLOHUMANO) VALUES (1025, 24, '364', 'JAMUNDI', 3);
INSERT INTO CIUDAD (IDCIUDAD, IDDEPARTAMENTO, CODIGO, NOMBRE, IDINDICEDLLOHUMANO) VALUES (1026, 24, '377', 'LA CUMBRE', 3);
INSERT INTO CIUDAD (IDCIUDAD, IDDEPARTAMENTO, CODIGO, NOMBRE, IDINDICEDLLOHUMANO) VALUES (1027, 24, '400', 'LA UNION', 3);
INSERT INTO CIUDAD (IDCIUDAD, IDDEPARTAMENTO, CODIGO, NOMBRE, IDINDICEDLLOHUMANO) VALUES (1028, 24, '403', 'LA VICTORIA', 3);
INSERT INTO CIUDAD (IDCIUDAD, IDDEPARTAMENTO, CODIGO, NOMBRE, IDINDICEDLLOHUMANO) VALUES (1029, 24, '497', 'OBANDO', 3);
INSERT INTO CIUDAD (IDCIUDAD, IDDEPARTAMENTO, CODIGO, NOMBRE, IDINDICEDLLOHUMANO) VALUES (1030, 24, '520', 'PALMIRA', 3);
INSERT INTO CIUDAD (IDCIUDAD, IDDEPARTAMENTO, CODIGO, NOMBRE, IDINDICEDLLOHUMANO) VALUES (1031, 24, '563', 'PRADERA', 3);
INSERT INTO CIUDAD (IDCIUDAD, IDDEPARTAMENTO, CODIGO, NOMBRE, IDINDICEDLLOHUMANO) VALUES (1032, 24, '606', 'RESTREPO', 3);
INSERT INTO CIUDAD (IDCIUDAD, IDDEPARTAMENTO, CODIGO, NOMBRE, IDINDICEDLLOHUMANO) VALUES (1033, 24, '616', 'RIOFRIO', 3);
INSERT INTO CIUDAD (IDCIUDAD, IDDEPARTAMENTO, CODIGO, NOMBRE, IDINDICEDLLOHUMANO) VALUES (1034, 24, '622', 'ROLDANILLO', 3);
INSERT INTO CIUDAD (IDCIUDAD, IDDEPARTAMENTO, CODIGO, NOMBRE, IDINDICEDLLOHUMANO) VALUES (1035, 24, '670', 'SAN PEDRO', 3);
INSERT INTO CIUDAD (IDCIUDAD, IDDEPARTAMENTO, CODIGO, NOMBRE, IDINDICEDLLOHUMANO) VALUES (1036, 24, '736', 'SEVILLA', 3);
INSERT INTO CIUDAD (IDCIUDAD, IDDEPARTAMENTO, CODIGO, NOMBRE, IDINDICEDLLOHUMANO) VALUES (1037, 24, '823', 'TORO', 3);
INSERT INTO CIUDAD (IDCIUDAD, IDDEPARTAMENTO, CODIGO, NOMBRE, IDINDICEDLLOHUMANO) VALUES (1038, 24, '828', 'TRUJILLO', 3);
INSERT INTO CIUDAD (IDCIUDAD, IDDEPARTAMENTO, CODIGO, NOMBRE, IDINDICEDLLOHUMANO) VALUES (1039, 24, '834', 'TULUA', 3);
INSERT INTO CIUDAD (IDCIUDAD, IDDEPARTAMENTO, CODIGO, NOMBRE, IDINDICEDLLOHUMANO) VALUES (1040, 24, '845', 'ULLOA', 3);
INSERT INTO CIUDAD (IDCIUDAD, IDDEPARTAMENTO, CODIGO, NOMBRE, IDINDICEDLLOHUMANO) VALUES (1041, 24, '863', 'VERSALLES', 3);
INSERT INTO CIUDAD (IDCIUDAD, IDDEPARTAMENTO, CODIGO, NOMBRE, IDINDICEDLLOHUMANO) VALUES (1042, 24, '869', 'VIJES', 3);
INSERT INTO CIUDAD (IDCIUDAD, IDDEPARTAMENTO, CODIGO, NOMBRE, IDINDICEDLLOHUMANO) VALUES (1043, 24, '890', 'YOTOCO', 3);
INSERT INTO CIUDAD (IDCIUDAD, IDDEPARTAMENTO, CODIGO, NOMBRE, IDINDICEDLLOHUMANO) VALUES (1044, 24, '892', 'YUMBO', 3);
INSERT INTO CIUDAD (IDCIUDAD, IDDEPARTAMENTO, CODIGO, NOMBRE, IDINDICEDLLOHUMANO) VALUES (1045, 24, '895', 'ZARZAL', 3);
INSERT INTO CIUDAD (IDCIUDAD, IDDEPARTAMENTO, CODIGO, NOMBRE, IDINDICEDLLOHUMANO) VALUES (1046, 25, '001', 'ARAUCA', 3);
INSERT INTO CIUDAD (IDCIUDAD, IDDEPARTAMENTO, CODIGO, NOMBRE, IDINDICEDLLOHUMANO) VALUES (1047, 25, '065', 'ARAUQUITA', 3);
INSERT INTO CIUDAD (IDCIUDAD, IDDEPARTAMENTO, CODIGO, NOMBRE, IDINDICEDLLOHUMANO) VALUES (1048, 25, '220', 'CRAVO NORTE', 3);
INSERT INTO CIUDAD (IDCIUDAD, IDDEPARTAMENTO, CODIGO, NOMBRE, IDINDICEDLLOHUMANO) VALUES (1049, 25, '300', 'FORTUL', 3);
INSERT INTO CIUDAD (IDCIUDAD, IDDEPARTAMENTO, CODIGO, NOMBRE, IDINDICEDLLOHUMANO) VALUES (1050, 25, '591', 'PUERTO RONDON', 3);
INSERT INTO CIUDAD (IDCIUDAD, IDDEPARTAMENTO, CODIGO, NOMBRE, IDINDICEDLLOHUMANO) VALUES (1051, 25, '736', 'SARAVENA', 3);
INSERT INTO CIUDAD (IDCIUDAD, IDDEPARTAMENTO, CODIGO, NOMBRE, IDINDICEDLLOHUMANO) VALUES (1052, 25, '794', 'TAME', 3);
INSERT INTO CIUDAD (IDCIUDAD, IDDEPARTAMENTO, CODIGO, NOMBRE, IDINDICEDLLOHUMANO) VALUES (1053, 26, '001', 'YOPAL', 3);
INSERT INTO CIUDAD (IDCIUDAD, IDDEPARTAMENTO, CODIGO, NOMBRE, IDINDICEDLLOHUMANO) VALUES (1054, 26, '010', 'AGUAZUL', 3);
INSERT INTO CIUDAD (IDCIUDAD, IDDEPARTAMENTO, CODIGO, NOMBRE, IDINDICEDLLOHUMANO) VALUES (1055, 26, '015', 'CHAMEZA', 3);
INSERT INTO CIUDAD (IDCIUDAD, IDDEPARTAMENTO, CODIGO, NOMBRE, IDINDICEDLLOHUMANO) VALUES (1056, 26, '125', 'HATO COROZAL', 3);
INSERT INTO CIUDAD (IDCIUDAD, IDDEPARTAMENTO, CODIGO, NOMBRE, IDINDICEDLLOHUMANO) VALUES (1057, 26, '136', 'LA SALINA', 3);
INSERT INTO CIUDAD (IDCIUDAD, IDDEPARTAMENTO, CODIGO, NOMBRE, IDINDICEDLLOHUMANO) VALUES (1058, 26, '139', 'MANI', 3);
INSERT INTO CIUDAD (IDCIUDAD, IDDEPARTAMENTO, CODIGO, NOMBRE, IDINDICEDLLOHUMANO) VALUES (1059, 26, '162', 'MONTERREY', 3);
INSERT INTO CIUDAD (IDCIUDAD, IDDEPARTAMENTO, CODIGO, NOMBRE, IDINDICEDLLOHUMANO) VALUES (1060, 26, '225', 'NUNCHIA', 3);
INSERT INTO CIUDAD (IDCIUDAD, IDDEPARTAMENTO, CODIGO, NOMBRE, IDINDICEDLLOHUMANO) VALUES (1061, 26, '230', 'OROCUE', 3);
INSERT INTO CIUDAD (IDCIUDAD, IDDEPARTAMENTO, CODIGO, NOMBRE, IDINDICEDLLOHUMANO) VALUES (1062, 26, '250', 'PAZ DE ARIPORO', 3);
INSERT INTO CIUDAD (IDCIUDAD, IDDEPARTAMENTO, CODIGO, NOMBRE, IDINDICEDLLOHUMANO) VALUES (1063, 26, '263', 'PORE', 3);
INSERT INTO CIUDAD (IDCIUDAD, IDDEPARTAMENTO, CODIGO, NOMBRE, IDINDICEDLLOHUMANO) VALUES (1064, 26, '279', 'RECETOR', 3);
INSERT INTO CIUDAD (IDCIUDAD, IDDEPARTAMENTO, CODIGO, NOMBRE, IDINDICEDLLOHUMANO) VALUES (1065, 26, '300', 'SABANALARGA', 3);
INSERT INTO CIUDAD (IDCIUDAD, IDDEPARTAMENTO, CODIGO, NOMBRE, IDINDICEDLLOHUMANO) VALUES (1066, 26, '315', 'SACAMA', 3);
INSERT INTO CIUDAD (IDCIUDAD, IDDEPARTAMENTO, CODIGO, NOMBRE, IDINDICEDLLOHUMANO) VALUES (1067, 26, '325', 'SAN LUIS DE PALENQUE', 3);
INSERT INTO CIUDAD (IDCIUDAD, IDDEPARTAMENTO, CODIGO, NOMBRE, IDINDICEDLLOHUMANO) VALUES (1068, 26, '400', 'TAMARA', 3);
INSERT INTO CIUDAD (IDCIUDAD, IDDEPARTAMENTO, CODIGO, NOMBRE, IDINDICEDLLOHUMANO) VALUES (1069, 26, '410', 'TAURAMENA', 3);
INSERT INTO CIUDAD (IDCIUDAD, IDDEPARTAMENTO, CODIGO, NOMBRE, IDINDICEDLLOHUMANO) VALUES (1070, 26, '430', 'TRINIDAD', 3);
INSERT INTO CIUDAD (IDCIUDAD, IDDEPARTAMENTO, CODIGO, NOMBRE, IDINDICEDLLOHUMANO) VALUES (1071, 26, '440', 'VILLANUEVA', 3);
INSERT INTO CIUDAD (IDCIUDAD, IDDEPARTAMENTO, CODIGO, NOMBRE, IDINDICEDLLOHUMANO) VALUES (1072, 27, '001', 'MOCOA', 3);
INSERT INTO CIUDAD (IDCIUDAD, IDDEPARTAMENTO, CODIGO, NOMBRE, IDINDICEDLLOHUMANO) VALUES (1073, 27, '219', 'COLON', 3);
INSERT INTO CIUDAD (IDCIUDAD, IDDEPARTAMENTO, CODIGO, NOMBRE, IDINDICEDLLOHUMANO) VALUES (1074, 27, '320', 'ORITO', 3);
INSERT INTO CIUDAD (IDCIUDAD, IDDEPARTAMENTO, CODIGO, NOMBRE, IDINDICEDLLOHUMANO) VALUES (1075, 27, '568', 'PUERTO ASIS', 3);
INSERT INTO CIUDAD (IDCIUDAD, IDDEPARTAMENTO, CODIGO, NOMBRE, IDINDICEDLLOHUMANO) VALUES (1076, 27, '569', 'PUERTO CAICEDO', 3);
INSERT INTO CIUDAD (IDCIUDAD, IDDEPARTAMENTO, CODIGO, NOMBRE, IDINDICEDLLOHUMANO) VALUES (1077, 27, '571', 'PUERTO GUZMAN', 3);
INSERT INTO CIUDAD (IDCIUDAD, IDDEPARTAMENTO, CODIGO, NOMBRE, IDINDICEDLLOHUMANO) VALUES (1078, 27, '573', 'LEGUIZAMO', 3);
INSERT INTO CIUDAD (IDCIUDAD, IDDEPARTAMENTO, CODIGO, NOMBRE, IDINDICEDLLOHUMANO) VALUES (1079, 27, '749', 'SIBUNDOY', 3);
INSERT INTO CIUDAD (IDCIUDAD, IDDEPARTAMENTO, CODIGO, NOMBRE, IDINDICEDLLOHUMANO) VALUES (1080, 27, '755', 'SAN FRANCISCO', 3);
INSERT INTO CIUDAD (IDCIUDAD, IDDEPARTAMENTO, CODIGO, NOMBRE, IDINDICEDLLOHUMANO) VALUES (1081, 27, '757', 'SAN MIGUEL', 3);
INSERT INTO CIUDAD (IDCIUDAD, IDDEPARTAMENTO, CODIGO, NOMBRE, IDINDICEDLLOHUMANO) VALUES (1082, 27, '760', 'SANTIAGO', 3);
INSERT INTO CIUDAD (IDCIUDAD, IDDEPARTAMENTO, CODIGO, NOMBRE, IDINDICEDLLOHUMANO) VALUES (1083, 27, '865', 'VALLE DEL CAUCA GUAMUEZ', 4);
INSERT INTO CIUDAD (IDCIUDAD, IDDEPARTAMENTO, CODIGO, NOMBRE, IDINDICEDLLOHUMANO) VALUES (1084, 27, '885', 'VILLAGARZON', 4);
INSERT INTO CIUDAD (IDCIUDAD, IDDEPARTAMENTO, CODIGO, NOMBRE, IDINDICEDLLOHUMANO) VALUES (1085, 28, '001', 'SAN ANDRES', 4);
INSERT INTO CIUDAD (IDCIUDAD, IDDEPARTAMENTO, CODIGO, NOMBRE, IDINDICEDLLOHUMANO) VALUES (1086, 28, '564', 'PROVIDENCIA', 4);
INSERT INTO CIUDAD (IDCIUDAD, IDDEPARTAMENTO, CODIGO, NOMBRE, IDINDICEDLLOHUMANO) VALUES (1087, 29, '001', 'LETICIA', 4);
INSERT INTO CIUDAD (IDCIUDAD, IDDEPARTAMENTO, CODIGO, NOMBRE, IDINDICEDLLOHUMANO) VALUES (1088, 29, '263', 'EL ENCANTO', 4);
INSERT INTO CIUDAD (IDCIUDAD, IDDEPARTAMENTO, CODIGO, NOMBRE, IDINDICEDLLOHUMANO) VALUES (1089, 29, '405', 'LA CHORRERA', 4);
INSERT INTO CIUDAD (IDCIUDAD, IDDEPARTAMENTO, CODIGO, NOMBRE, IDINDICEDLLOHUMANO) VALUES (1090, 29, '407', 'LA PEDRERA', 4);
INSERT INTO CIUDAD (IDCIUDAD, IDDEPARTAMENTO, CODIGO, NOMBRE, IDINDICEDLLOHUMANO) VALUES (1091, 29, '430', 'LA VICTORIA', 4);
INSERT INTO CIUDAD (IDCIUDAD, IDDEPARTAMENTO, CODIGO, NOMBRE, IDINDICEDLLOHUMANO) VALUES (1092, 29, '460', 'MIRITI - PARANA', 4);
INSERT INTO CIUDAD (IDCIUDAD, IDDEPARTAMENTO, CODIGO, NOMBRE, IDINDICEDLLOHUMANO) VALUES (1093, 29, '530', 'PUERTO ALEGRIA', 4);
INSERT INTO CIUDAD (IDCIUDAD, IDDEPARTAMENTO, CODIGO, NOMBRE, IDINDICEDLLOHUMANO) VALUES (1094, 29, '536', 'PUERTO ARICA', 4);
INSERT INTO CIUDAD (IDCIUDAD, IDDEPARTAMENTO, CODIGO, NOMBRE, IDINDICEDLLOHUMANO) VALUES (1095, 29, '540', 'PUERTO NARIÑO', 4);
INSERT INTO CIUDAD (IDCIUDAD, IDDEPARTAMENTO, CODIGO, NOMBRE, IDINDICEDLLOHUMANO) VALUES (1096, 29, '669', 'PUERTO SANTANDER', 4);
INSERT INTO CIUDAD (IDCIUDAD, IDDEPARTAMENTO, CODIGO, NOMBRE, IDINDICEDLLOHUMANO) VALUES (1097, 29, '798', 'TARAPACA', 4);
INSERT INTO CIUDAD (IDCIUDAD, IDDEPARTAMENTO, CODIGO, NOMBRE, IDINDICEDLLOHUMANO) VALUES (1098, 30, '001', 'INIRIDA', 4);
INSERT INTO CIUDAD (IDCIUDAD, IDDEPARTAMENTO, CODIGO, NOMBRE, IDINDICEDLLOHUMANO) VALUES (1099, 30, '343', 'BARRANCO MINAS', 4);
INSERT INTO CIUDAD (IDCIUDAD, IDDEPARTAMENTO, CODIGO, NOMBRE, IDINDICEDLLOHUMANO) VALUES (1100, 30, '663', 'MAPIRIPANA', 4);
INSERT INTO CIUDAD (IDCIUDAD, IDDEPARTAMENTO, CODIGO, NOMBRE, IDINDICEDLLOHUMANO) VALUES (1101, 30, '883', 'SAN FELIPE', 4);
INSERT INTO CIUDAD (IDCIUDAD, IDDEPARTAMENTO, CODIGO, NOMBRE, IDINDICEDLLOHUMANO) VALUES (1102, 30, '884', 'PUERTO COLOMBIA', 4);
INSERT INTO CIUDAD (IDCIUDAD, IDDEPARTAMENTO, CODIGO, NOMBRE, IDINDICEDLLOHUMANO) VALUES (1103, 30, '885', 'LA GUADALUPE', 4);
INSERT INTO CIUDAD (IDCIUDAD, IDDEPARTAMENTO, CODIGO, NOMBRE, IDINDICEDLLOHUMANO) VALUES (1104, 30, '886', 'CACAHUAL', 4);
INSERT INTO CIUDAD (IDCIUDAD, IDDEPARTAMENTO, CODIGO, NOMBRE, IDINDICEDLLOHUMANO) VALUES (1105, 30, '887', 'PANA PANA', 4);
INSERT INTO CIUDAD (IDCIUDAD, IDDEPARTAMENTO, CODIGO, NOMBRE, IDINDICEDLLOHUMANO) VALUES (1106, 30, '888', 'MORICHAL', 4);
INSERT INTO CIUDAD (IDCIUDAD, IDDEPARTAMENTO, CODIGO, NOMBRE, IDINDICEDLLOHUMANO) VALUES (1107, 31, '001', 'SAN JOSE DEL GUAVIARE', 4);
INSERT INTO CIUDAD (IDCIUDAD, IDDEPARTAMENTO, CODIGO, NOMBRE, IDINDICEDLLOHUMANO) VALUES (1108, 31, '015', 'CALAMAR', 4);
INSERT INTO CIUDAD (IDCIUDAD, IDDEPARTAMENTO, CODIGO, NOMBRE, IDINDICEDLLOHUMANO) VALUES (1109, 31, '025', 'EL RETORNO', 4);
INSERT INTO CIUDAD (IDCIUDAD, IDDEPARTAMENTO, CODIGO, NOMBRE, IDINDICEDLLOHUMANO) VALUES (1110, 31, '200', 'MIRAFLORES', 4);
INSERT INTO CIUDAD (IDCIUDAD, IDDEPARTAMENTO, CODIGO, NOMBRE, IDINDICEDLLOHUMANO) VALUES (1111, 32, '001', 'MITU', 4);
INSERT INTO CIUDAD (IDCIUDAD, IDDEPARTAMENTO, CODIGO, NOMBRE, IDINDICEDLLOHUMANO) VALUES (1112, 32, '161', 'CARURU', 4);
INSERT INTO CIUDAD (IDCIUDAD, IDDEPARTAMENTO, CODIGO, NOMBRE, IDINDICEDLLOHUMANO) VALUES (1113, 32, '511', 'PACOA', 4);
INSERT INTO CIUDAD (IDCIUDAD, IDDEPARTAMENTO, CODIGO, NOMBRE, IDINDICEDLLOHUMANO) VALUES (1114, 32, '666', 'TARAIRA', 4);
INSERT INTO CIUDAD (IDCIUDAD, IDDEPARTAMENTO, CODIGO, NOMBRE, IDINDICEDLLOHUMANO) VALUES (1115, 32, '777', 'PAPUNAUA', 4);
INSERT INTO CIUDAD (IDCIUDAD, IDDEPARTAMENTO, CODIGO, NOMBRE, IDINDICEDLLOHUMANO) VALUES (1116, 32, '889', 'YAVARATE', 4);
INSERT INTO CIUDAD (IDCIUDAD, IDDEPARTAMENTO, CODIGO, NOMBRE, IDINDICEDLLOHUMANO) VALUES (1117, 33, '001', 'PUERTO CARREÑO', 4);
INSERT INTO CIUDAD (IDCIUDAD, IDDEPARTAMENTO, CODIGO, NOMBRE, IDINDICEDLLOHUMANO) VALUES (1118, 33, '524', 'LA PRIMAVERA', 4);
INSERT INTO CIUDAD (IDCIUDAD, IDDEPARTAMENTO, CODIGO, NOMBRE, IDINDICEDLLOHUMANO) VALUES (1119, 33, '624', 'SANTA ROSALIA', 4);
INSERT INTO CIUDAD (IDCIUDAD, IDDEPARTAMENTO, CODIGO, NOMBRE, IDINDICEDLLOHUMANO) VALUES (1120, 33, '773', 'CUMARIBO', 4);

INSERT INTO TIPOIDENTIFICACION (IDTIPOID, VALOR, TEXTO) VALUES (1, 'CC', 'Cédula de ciudadanía');
INSERT INTO TIPOIDENTIFICACION (IDTIPOID, VALOR, TEXTO) VALUES (2, 'CE', 'Cédula de extranjería');
INSERT INTO TIPOIDENTIFICACION (IDTIPOID, VALOR, TEXTO) VALUES (3, 'TI', 'Tarjeta de identidad');
INSERT INTO TIPOIDENTIFICACION (IDTIPOID, VALOR, TEXTO) VALUES (4, 'RC', 'Registro civil');

INSERT INTO NIVELEDUCACION (IDEDUCACION, TITULO) VALUES (1, 'Preescolar');
INSERT INTO NIVELEDUCACION (IDEDUCACION, TITULO) VALUES (2, 'Primaria');
INSERT INTO NIVELEDUCACION (IDEDUCACION, TITULO) VALUES (3, 'Secundaria');
INSERT INTO NIVELEDUCACION (IDEDUCACION, TITULO) VALUES (4, 'Pregrado');
INSERT INTO NIVELEDUCACION (IDEDUCACION, TITULO) VALUES (5, 'Técnica');
INSERT INTO NIVELEDUCACION (IDEDUCACION, TITULO) VALUES (6, 'Tecnología');
INSERT INTO NIVELEDUCACION (IDEDUCACION, TITULO) VALUES (7, 'Doctorado');

INSERT INTO OBJETIVO (IDOBJETIVO, TITULO, DESCRIPCION) VALUES (1, 'Fin de la pobreza', 'Poner fin a la pobreza en todas sus formas en todo el mundo');
INSERT INTO OBJETIVO (IDOBJETIVO, TITULO, DESCRIPCION) VALUES (2, 'Hambre cero', 'Poner fin al hambre, lograr la seguridad alimentaria y la mejora de la nutrición y promover la agricultura sostenible');
INSERT INTO OBJETIVO (IDOBJETIVO, TITULO, DESCRIPCION) VALUES (3, 'Salud y bienestar', 'Garantizar una vida sana y promover el bienestar para todos en todas las edades');
INSERT INTO OBJETIVO (IDOBJETIVO, TITULO, DESCRIPCION) VALUES (4, 'Educación de calidad', 'Garantizar una educación inclusiva, equitativa y de calidad y promover oportunidades de aprendizaje durante toda la vida para todos');
INSERT INTO OBJETIVO (IDOBJETIVO, TITULO, DESCRIPCION) VALUES (5, 'Igualdad de género', 'Lograr la igualdad entre los géneros y empoderar a todas las mujeres y las niñas');
INSERT INTO OBJETIVO (IDOBJETIVO, TITULO, DESCRIPCION) VALUES (6, 'Agua limpia y saneamiento', 'Garantizar la disponibilidad de agua y su gestión sostenible y el saneamiento para todos');
INSERT INTO OBJETIVO (IDOBJETIVO, TITULO, DESCRIPCION) VALUES (7, 'Energía asequible y no contaminante', 'Garantizar el acceso a una energía asequible, segura, sostenible y moderna para todos');
INSERT INTO OBJETIVO (IDOBJETIVO, TITULO, DESCRIPCION) VALUES (8, 'Trabajo decente y crecimiento económico', 'Promover el crecimiento económico sostenido, inclusivo y sostenible, el empleo pleno y productivo y el trabajo decente para todos');
INSERT INTO OBJETIVO (IDOBJETIVO, TITULO, DESCRIPCION) VALUES (9, 'Industria, innovación e infraestructura', 'Construir infraestructuras resilientes, promover la industrialización inclusiva y sostenible y fomentar la innovación');
INSERT INTO OBJETIVO (IDOBJETIVO, TITULO, DESCRIPCION) VALUES (10, 'Resolución de las desigualdades', 'Reducir la desigualdad en y entre los países');
INSERT INTO OBJETIVO (IDOBJETIVO, TITULO, DESCRIPCION) VALUES (11, 'Ciudades y comunidades sostenibles', 'Lograr que las ciudades y los asentamientos humanos sean inclusivos, seguros, resilientes y sostenibles');
INSERT INTO OBJETIVO (IDOBJETIVO, TITULO, DESCRIPCION) VALUES (12, 'Producción y consumos responsables', 'Garantizar modalidades de consumo y producción sostenibles');
INSERT INTO OBJETIVO (IDOBJETIVO, TITULO, DESCRIPCION) VALUES (13, 'Acción por el clima', 'Adoptar medidas urgentes para combatir el cambio climático y sus efectos');
INSERT INTO OBJETIVO (IDOBJETIVO, TITULO, DESCRIPCION) VALUES (14, 'Vida submarina', 'Conservar y utilizar en forma sostenible los océanos, los mares y los recursos marinos para el desarrollo sostenible');
INSERT INTO OBJETIVO (IDOBJETIVO, TITULO, DESCRIPCION) VALUES (15, 'Vida de ecosistemas terrestres', 'Gestionar sosteniblemente los bosques, luchar contra la desertificación, detener e invertir la degradación de las tierras y detener la pérdida de biodiversidad');
INSERT INTO OBJETIVO (IDOBJETIVO, TITULO, DESCRIPCION) VALUES (16, 'Paz, justicia e instituciones sólidas', 'Promover sociedades, justas, pacíficas e inclusivas');
INSERT INTO OBJETIVO (IDOBJETIVO, TITULO, DESCRIPCION) VALUES (17, 'Alianzas para lograr los objetivos', 'Revitalizar la Alianza Mundial para el Desarrollo Sostenible');